[0.220s] DEBUG:colcon:Command line arguments: ['/usr/bin/colcon', 'build', '--symlink-install', '--cmake-args=-DCMAKE_BUILD_TYPE=Release']
[0.220s] DEBUG:colcon:Parsed command line arguments: Namespace(log_base=None, log_level=None, verb_name='build', build_base='build', install_base='install', merge_install=False, symlink_install=True, test_result_base=None, continue_on_error=False, executor='parallel', parallel_workers=6, event_handlers=None, ignore_user_meta=False, metas=['./colcon.meta'], base_paths=['.'], packages_ignore=None, packages_ignore_regex=None, paths=None, packages_up_to=None, packages_up_to_regex=None, packages_above=None, packages_above_and_dependencies=None, packages_above_depth=None, packages_select_by_dep=None, packages_skip_by_dep=None, packages_skip_up_to=None, packages_select_build_failed=False, packages_skip_build_finished=False, packages_select_test_failures=False, packages_skip_test_passed=False, packages_select=None, packages_skip=None, packages_select_regex=None, packages_skip_regex=None, packages_start=None, packages_end=None, allow_overriding=[], cmake_args=['-DCMAKE_BUILD_TYPE=Release'], cmake_target=None, cmake_target_skip_unavailable=False, cmake_clean_cache=False, cmake_clean_first=False, cmake_force_configure=False, ament_cmake_args=None, catkin_cmake_args=None, catkin_skip_building_tests=False, mixin_files=None, mixin=None, verb_parser=<colcon_mixin.mixin.mixin_argument.MixinArgumentDecorator object at 0xffff8575acb0>, verb_extension=<colcon_core.verb.build.BuildVerb object at 0xffff8590fc70>, main=<bound method BuildVerb.main of <colcon_core.verb.build.BuildVerb object at 0xffff8590fc70>>, mixin_verb=('build',))
[0.567s] Level 1:colcon.colcon_core.package_discovery:discover_packages(colcon_meta) check parameters
[0.567s] Level 1:colcon.colcon_core.package_discovery:discover_packages(recursive) check parameters
[0.568s] Level 1:colcon.colcon_core.package_discovery:discover_packages(ignore) check parameters
[0.568s] Level 1:colcon.colcon_core.package_discovery:discover_packages(path) check parameters
[0.568s] Level 1:colcon.colcon_core.package_discovery:discover_packages(colcon_meta) discover
[0.568s] Level 1:colcon.colcon_core.package_discovery:discover_packages(recursive) discover
[0.568s] INFO:colcon.colcon_core.package_discovery:Crawling recursively for packages in '/home/epriauto/ros2_ws/camera/zed-camera-wrapper'
[0.568s] Level 1:colcon.colcon_core.package_identification:_identify(.) by extensions ['ignore', 'ignore_ament_install']
[0.568s] Level 1:colcon.colcon_core.package_identification:_identify(.) by extension 'ignore'
[0.569s] Level 1:colcon.colcon_core.package_identification:_identify(.) by extension 'ignore_ament_install'
[0.569s] Level 1:colcon.colcon_core.package_identification:_identify(.) by extensions ['colcon_pkg']
[0.569s] Level 1:colcon.colcon_core.package_identification:_identify(.) by extension 'colcon_pkg'
[0.569s] Level 1:colcon.colcon_core.package_identification:_identify(.) by extensions ['colcon_meta']
[0.569s] Level 1:colcon.colcon_core.package_identification:_identify(.) by extension 'colcon_meta'
[0.569s] Level 1:colcon.colcon_core.package_identification:_identify(.) by extensions ['ros']
[0.569s] Level 1:colcon.colcon_core.package_identification:_identify(.) by extension 'ros'
[0.590s] Level 1:colcon.colcon_core.package_identification:_identify(.) by extensions ['cmake', 'python']
[0.590s] Level 1:colcon.colcon_core.package_identification:_identify(.) by extension 'cmake'
[0.590s] Level 1:colcon.colcon_core.package_identification:_identify(.) by extension 'python'
[0.590s] Level 1:colcon.colcon_core.package_identification:_identify(.) by extensions ['python_setup_py']
[0.590s] Level 1:colcon.colcon_core.package_identification:_identify(.) by extension 'python_setup_py'
[0.591s] Level 1:colcon.colcon_core.package_identification:_identify(build) by extensions ['ignore', 'ignore_ament_install']
[0.591s] Level 1:colcon.colcon_core.package_identification:_identify(build) by extension 'ignore'
[0.591s] Level 1:colcon.colcon_core.package_identification:_identify(build) ignored
[0.591s] Level 1:colcon.colcon_core.package_identification:_identify(install) by extensions ['ignore', 'ignore_ament_install']
[0.592s] Level 1:colcon.colcon_core.package_identification:_identify(install) by extension 'ignore'
[0.592s] Level 1:colcon.colcon_core.package_identification:_identify(install) ignored
[0.592s] Level 1:colcon.colcon_core.package_identification:_identify(log) by extensions ['ignore', 'ignore_ament_install']
[0.592s] Level 1:colcon.colcon_core.package_identification:_identify(log) by extension 'ignore'
[0.592s] Level 1:colcon.colcon_core.package_identification:_identify(log) ignored
[0.592s] Level 1:colcon.colcon_core.package_identification:_identify(src) by extensions ['ignore', 'ignore_ament_install']
[0.592s] Level 1:colcon.colcon_core.package_identification:_identify(src) by extension 'ignore'
[0.592s] Level 1:colcon.colcon_core.package_identification:_identify(src) by extension 'ignore_ament_install'
[0.593s] Level 1:colcon.colcon_core.package_identification:_identify(src) by extensions ['colcon_pkg']
[0.593s] Level 1:colcon.colcon_core.package_identification:_identify(src) by extension 'colcon_pkg'
[0.593s] Level 1:colcon.colcon_core.package_identification:_identify(src) by extensions ['colcon_meta']
[0.593s] Level 1:colcon.colcon_core.package_identification:_identify(src) by extension 'colcon_meta'
[0.593s] Level 1:colcon.colcon_core.package_identification:_identify(src) by extensions ['ros']
[0.593s] Level 1:colcon.colcon_core.package_identification:_identify(src) by extension 'ros'
[0.593s] Level 1:colcon.colcon_core.package_identification:_identify(src) by extensions ['cmake', 'python']
[0.593s] Level 1:colcon.colcon_core.package_identification:_identify(src) by extension 'cmake'
[0.593s] Level 1:colcon.colcon_core.package_identification:_identify(src) by extension 'python'
[0.593s] Level 1:colcon.colcon_core.package_identification:_identify(src) by extensions ['python_setup_py']
[0.593s] Level 1:colcon.colcon_core.package_identification:_identify(src) by extension 'python_setup_py'
[0.594s] Level 1:colcon.colcon_core.package_identification:_identify(src/zed-ros2-examples) by extensions ['ignore', 'ignore_ament_install']
[0.594s] Level 1:colcon.colcon_core.package_identification:_identify(src/zed-ros2-examples) by extension 'ignore'
[0.594s] Level 1:colcon.colcon_core.package_identification:_identify(src/zed-ros2-examples) by extension 'ignore_ament_install'
[0.594s] Level 1:colcon.colcon_core.package_identification:_identify(src/zed-ros2-examples) by extensions ['colcon_pkg']
[0.594s] Level 1:colcon.colcon_core.package_identification:_identify(src/zed-ros2-examples) by extension 'colcon_pkg'
[0.594s] Level 1:colcon.colcon_core.package_identification:_identify(src/zed-ros2-examples) by extensions ['colcon_meta']
[0.594s] Level 1:colcon.colcon_core.package_identification:_identify(src/zed-ros2-examples) by extension 'colcon_meta'
[0.594s] Level 1:colcon.colcon_core.package_identification:_identify(src/zed-ros2-examples) by extensions ['ros']
[0.594s] Level 1:colcon.colcon_core.package_identification:_identify(src/zed-ros2-examples) by extension 'ros'
[0.595s] Level 1:colcon.colcon_core.package_identification:_identify(src/zed-ros2-examples) by extensions ['cmake', 'python']
[0.595s] Level 1:colcon.colcon_core.package_identification:_identify(src/zed-ros2-examples) by extension 'cmake'
[0.595s] Level 1:colcon.colcon_core.package_identification:_identify(src/zed-ros2-examples) by extension 'python'
[0.595s] Level 1:colcon.colcon_core.package_identification:_identify(src/zed-ros2-examples) by extensions ['python_setup_py']
[0.595s] Level 1:colcon.colcon_core.package_identification:_identify(src/zed-ros2-examples) by extension 'python_setup_py'
[0.595s] Level 1:colcon.colcon_core.package_identification:_identify(src/zed-ros2-examples/examples) by extensions ['ignore', 'ignore_ament_install']
[0.595s] Level 1:colcon.colcon_core.package_identification:_identify(src/zed-ros2-examples/examples) by extension 'ignore'
[0.595s] Level 1:colcon.colcon_core.package_identification:_identify(src/zed-ros2-examples/examples) by extension 'ignore_ament_install'
[0.595s] Level 1:colcon.colcon_core.package_identification:_identify(src/zed-ros2-examples/examples) by extensions ['colcon_pkg']
[0.596s] Level 1:colcon.colcon_core.package_identification:_identify(src/zed-ros2-examples/examples) by extension 'colcon_pkg'
[0.596s] Level 1:colcon.colcon_core.package_identification:_identify(src/zed-ros2-examples/examples) by extensions ['colcon_meta']
[0.596s] Level 1:colcon.colcon_core.package_identification:_identify(src/zed-ros2-examples/examples) by extension 'colcon_meta'
[0.596s] Level 1:colcon.colcon_core.package_identification:_identify(src/zed-ros2-examples/examples) by extensions ['ros']
[0.596s] Level 1:colcon.colcon_core.package_identification:_identify(src/zed-ros2-examples/examples) by extension 'ros'
[0.596s] Level 1:colcon.colcon_core.package_identification:_identify(src/zed-ros2-examples/examples) by extensions ['cmake', 'python']
[0.596s] Level 1:colcon.colcon_core.package_identification:_identify(src/zed-ros2-examples/examples) by extension 'cmake'
[0.596s] Level 1:colcon.colcon_core.package_identification:_identify(src/zed-ros2-examples/examples) by extension 'python'
[0.596s] Level 1:colcon.colcon_core.package_identification:_identify(src/zed-ros2-examples/examples) by extensions ['python_setup_py']
[0.596s] Level 1:colcon.colcon_core.package_identification:_identify(src/zed-ros2-examples/examples) by extension 'python_setup_py'
[0.597s] Level 1:colcon.colcon_core.package_identification:_identify(src/zed-ros2-examples/examples/zed_aruco_localization) by extensions ['ignore', 'ignore_ament_install']
[0.597s] Level 1:colcon.colcon_core.package_identification:_identify(src/zed-ros2-examples/examples/zed_aruco_localization) by extension 'ignore'
[0.597s] Level 1:colcon.colcon_core.package_identification:_identify(src/zed-ros2-examples/examples/zed_aruco_localization) by extension 'ignore_ament_install'
[0.597s] Level 1:colcon.colcon_core.package_identification:_identify(src/zed-ros2-examples/examples/zed_aruco_localization) by extensions ['colcon_pkg']
[0.597s] Level 1:colcon.colcon_core.package_identification:_identify(src/zed-ros2-examples/examples/zed_aruco_localization) by extension 'colcon_pkg'
[0.597s] Level 1:colcon.colcon_core.package_identification:_identify(src/zed-ros2-examples/examples/zed_aruco_localization) by extensions ['colcon_meta']
[0.597s] Level 1:colcon.colcon_core.package_identification:_identify(src/zed-ros2-examples/examples/zed_aruco_localization) by extension 'colcon_meta'
[0.597s] Level 1:colcon.colcon_core.package_identification:_identify(src/zed-ros2-examples/examples/zed_aruco_localization) by extensions ['ros']
[0.597s] Level 1:colcon.colcon_core.package_identification:_identify(src/zed-ros2-examples/examples/zed_aruco_localization) by extension 'ros'
[0.605s] DEBUG:colcon.colcon_core.package_identification:Package 'src/zed-ros2-examples/examples/zed_aruco_localization' with type 'ros.ament_cmake' and name 'zed_aruco_localization'
[0.606s] Level 1:colcon.colcon_core.package_identification:_identify(src/zed-ros2-examples/examples/zed_depth_to_laserscan) by extensions ['ignore', 'ignore_ament_install']
[0.606s] Level 1:colcon.colcon_core.package_identification:_identify(src/zed-ros2-examples/examples/zed_depth_to_laserscan) by extension 'ignore'
[0.606s] Level 1:colcon.colcon_core.package_identification:_identify(src/zed-ros2-examples/examples/zed_depth_to_laserscan) by extension 'ignore_ament_install'
[0.606s] Level 1:colcon.colcon_core.package_identification:_identify(src/zed-ros2-examples/examples/zed_depth_to_laserscan) by extensions ['colcon_pkg']
[0.606s] Level 1:colcon.colcon_core.package_identification:_identify(src/zed-ros2-examples/examples/zed_depth_to_laserscan) by extension 'colcon_pkg'
[0.606s] Level 1:colcon.colcon_core.package_identification:_identify(src/zed-ros2-examples/examples/zed_depth_to_laserscan) by extensions ['colcon_meta']
[0.606s] Level 1:colcon.colcon_core.package_identification:_identify(src/zed-ros2-examples/examples/zed_depth_to_laserscan) by extension 'colcon_meta'
[0.607s] Level 1:colcon.colcon_core.package_identification:_identify(src/zed-ros2-examples/examples/zed_depth_to_laserscan) by extensions ['ros']
[0.607s] Level 1:colcon.colcon_core.package_identification:_identify(src/zed-ros2-examples/examples/zed_depth_to_laserscan) by extension 'ros'
[0.608s] DEBUG:colcon.colcon_core.package_identification:Package 'src/zed-ros2-examples/examples/zed_depth_to_laserscan' with type 'ros.ament_cmake' and name 'zed_depth_to_laserscan'
[0.608s] Level 1:colcon.colcon_core.package_identification:_identify(src/zed-ros2-examples/images) by extensions ['ignore', 'ignore_ament_install']
[0.609s] Level 1:colcon.colcon_core.package_identification:_identify(src/zed-ros2-examples/images) by extension 'ignore'
[0.609s] Level 1:colcon.colcon_core.package_identification:_identify(src/zed-ros2-examples/images) by extension 'ignore_ament_install'
[0.609s] Level 1:colcon.colcon_core.package_identification:_identify(src/zed-ros2-examples/images) by extensions ['colcon_pkg']
[0.609s] Level 1:colcon.colcon_core.package_identification:_identify(src/zed-ros2-examples/images) by extension 'colcon_pkg'
[0.609s] Level 1:colcon.colcon_core.package_identification:_identify(src/zed-ros2-examples/images) by extensions ['colcon_meta']
[0.609s] Level 1:colcon.colcon_core.package_identification:_identify(src/zed-ros2-examples/images) by extension 'colcon_meta'
[0.609s] Level 1:colcon.colcon_core.package_identification:_identify(src/zed-ros2-examples/images) by extensions ['ros']
[0.609s] Level 1:colcon.colcon_core.package_identification:_identify(src/zed-ros2-examples/images) by extension 'ros'
[0.609s] Level 1:colcon.colcon_core.package_identification:_identify(src/zed-ros2-examples/images) by extensions ['cmake', 'python']
[0.610s] Level 1:colcon.colcon_core.package_identification:_identify(src/zed-ros2-examples/images) by extension 'cmake'
[0.610s] Level 1:colcon.colcon_core.package_identification:_identify(src/zed-ros2-examples/images) by extension 'python'
[0.610s] Level 1:colcon.colcon_core.package_identification:_identify(src/zed-ros2-examples/images) by extensions ['python_setup_py']
[0.610s] Level 1:colcon.colcon_core.package_identification:_identify(src/zed-ros2-examples/images) by extension 'python_setup_py'
[0.610s] Level 1:colcon.colcon_core.package_identification:_identify(src/zed-ros2-examples/rviz-plugin-zed-od) by extensions ['ignore', 'ignore_ament_install']
[0.610s] Level 1:colcon.colcon_core.package_identification:_identify(src/zed-ros2-examples/rviz-plugin-zed-od) by extension 'ignore'
[0.610s] Level 1:colcon.colcon_core.package_identification:_identify(src/zed-ros2-examples/rviz-plugin-zed-od) by extension 'ignore_ament_install'
[0.610s] Level 1:colcon.colcon_core.package_identification:_identify(src/zed-ros2-examples/rviz-plugin-zed-od) by extensions ['colcon_pkg']
[0.610s] Level 1:colcon.colcon_core.package_identification:_identify(src/zed-ros2-examples/rviz-plugin-zed-od) by extension 'colcon_pkg'
[0.611s] Level 1:colcon.colcon_core.package_identification:_identify(src/zed-ros2-examples/rviz-plugin-zed-od) by extensions ['colcon_meta']
[0.611s] Level 1:colcon.colcon_core.package_identification:_identify(src/zed-ros2-examples/rviz-plugin-zed-od) by extension 'colcon_meta'
[0.611s] Level 1:colcon.colcon_core.package_identification:_identify(src/zed-ros2-examples/rviz-plugin-zed-od) by extensions ['ros']
[0.611s] Level 1:colcon.colcon_core.package_identification:_identify(src/zed-ros2-examples/rviz-plugin-zed-od) by extension 'ros'
[0.612s] DEBUG:colcon.colcon_core.package_identification:Package 'src/zed-ros2-examples/rviz-plugin-zed-od' with type 'ros.ament_cmake' and name 'rviz_plugin_zed_od'
[0.612s] Level 1:colcon.colcon_core.package_identification:_identify(src/zed-ros2-examples/tools) by extensions ['ignore', 'ignore_ament_install']
[0.613s] Level 1:colcon.colcon_core.package_identification:_identify(src/zed-ros2-examples/tools) by extension 'ignore'
[0.613s] Level 1:colcon.colcon_core.package_identification:_identify(src/zed-ros2-examples/tools) by extension 'ignore_ament_install'
[0.613s] Level 1:colcon.colcon_core.package_identification:_identify(src/zed-ros2-examples/tools) by extensions ['colcon_pkg']
[0.613s] Level 1:colcon.colcon_core.package_identification:_identify(src/zed-ros2-examples/tools) by extension 'colcon_pkg'
[0.613s] Level 1:colcon.colcon_core.package_identification:_identify(src/zed-ros2-examples/tools) by extensions ['colcon_meta']
[0.613s] Level 1:colcon.colcon_core.package_identification:_identify(src/zed-ros2-examples/tools) by extension 'colcon_meta'
[0.613s] Level 1:colcon.colcon_core.package_identification:_identify(src/zed-ros2-examples/tools) by extensions ['ros']
[0.613s] Level 1:colcon.colcon_core.package_identification:_identify(src/zed-ros2-examples/tools) by extension 'ros'
[0.613s] Level 1:colcon.colcon_core.package_identification:_identify(src/zed-ros2-examples/tools) by extensions ['cmake', 'python']
[0.613s] Level 1:colcon.colcon_core.package_identification:_identify(src/zed-ros2-examples/tools) by extension 'cmake'
[0.614s] Level 1:colcon.colcon_core.package_identification:_identify(src/zed-ros2-examples/tools) by extension 'python'
[0.614s] Level 1:colcon.colcon_core.package_identification:_identify(src/zed-ros2-examples/tools) by extensions ['python_setup_py']
[0.614s] Level 1:colcon.colcon_core.package_identification:_identify(src/zed-ros2-examples/tools) by extension 'python_setup_py'
[0.614s] Level 1:colcon.colcon_core.package_identification:_identify(src/zed-ros2-examples/tools/zed_benchmark) by extensions ['ignore', 'ignore_ament_install']
[0.614s] Level 1:colcon.colcon_core.package_identification:_identify(src/zed-ros2-examples/tools/zed_benchmark) by extension 'ignore'
[0.614s] Level 1:colcon.colcon_core.package_identification:_identify(src/zed-ros2-examples/tools/zed_benchmark) by extension 'ignore_ament_install'
[0.614s] Level 1:colcon.colcon_core.package_identification:_identify(src/zed-ros2-examples/tools/zed_benchmark) by extensions ['colcon_pkg']
[0.614s] Level 1:colcon.colcon_core.package_identification:_identify(src/zed-ros2-examples/tools/zed_benchmark) by extension 'colcon_pkg'
[0.615s] Level 1:colcon.colcon_core.package_identification:_identify(src/zed-ros2-examples/tools/zed_benchmark) by extensions ['colcon_meta']
[0.615s] Level 1:colcon.colcon_core.package_identification:_identify(src/zed-ros2-examples/tools/zed_benchmark) by extension 'colcon_meta'
[0.615s] Level 1:colcon.colcon_core.package_identification:_identify(src/zed-ros2-examples/tools/zed_benchmark) by extensions ['ros']
[0.615s] Level 1:colcon.colcon_core.package_identification:_identify(src/zed-ros2-examples/tools/zed_benchmark) by extension 'ros'
[0.644s] DEBUG:colcon.colcon_core.package_identification:Package 'src/zed-ros2-examples/tools/zed_benchmark' with type 'ros.ament_cmake' and name 'zed_topic_benchmark'
[0.644s] Level 1:colcon.colcon_core.package_identification:_identify(src/zed-ros2-examples/tools/zed_benchmark_component) by extensions ['ignore', 'ignore_ament_install']
[0.644s] Level 1:colcon.colcon_core.package_identification:_identify(src/zed-ros2-examples/tools/zed_benchmark_component) by extension 'ignore'
[0.645s] Level 1:colcon.colcon_core.package_identification:_identify(src/zed-ros2-examples/tools/zed_benchmark_component) by extension 'ignore_ament_install'
[0.645s] Level 1:colcon.colcon_core.package_identification:_identify(src/zed-ros2-examples/tools/zed_benchmark_component) by extensions ['colcon_pkg']
[0.645s] Level 1:colcon.colcon_core.package_identification:_identify(src/zed-ros2-examples/tools/zed_benchmark_component) by extension 'colcon_pkg'
[0.645s] Level 1:colcon.colcon_core.package_identification:_identify(src/zed-ros2-examples/tools/zed_benchmark_component) by extensions ['colcon_meta']
[0.645s] Level 1:colcon.colcon_core.package_identification:_identify(src/zed-ros2-examples/tools/zed_benchmark_component) by extension 'colcon_meta'
[0.645s] Level 1:colcon.colcon_core.package_identification:_identify(src/zed-ros2-examples/tools/zed_benchmark_component) by extensions ['ros']
[0.645s] Level 1:colcon.colcon_core.package_identification:_identify(src/zed-ros2-examples/tools/zed_benchmark_component) by extension 'ros'
[0.647s] DEBUG:colcon.colcon_core.package_identification:Package 'src/zed-ros2-examples/tools/zed_benchmark_component' with type 'ros.ament_cmake' and name 'zed_topic_benchmark_component'
[0.647s] Level 1:colcon.colcon_core.package_identification:_identify(src/zed-ros2-examples/tools/zed_benchmark_interfaces) by extensions ['ignore', 'ignore_ament_install']
[0.647s] Level 1:colcon.colcon_core.package_identification:_identify(src/zed-ros2-examples/tools/zed_benchmark_interfaces) by extension 'ignore'
[0.647s] Level 1:colcon.colcon_core.package_identification:_identify(src/zed-ros2-examples/tools/zed_benchmark_interfaces) by extension 'ignore_ament_install'
[0.647s] Level 1:colcon.colcon_core.package_identification:_identify(src/zed-ros2-examples/tools/zed_benchmark_interfaces) by extensions ['colcon_pkg']
[0.647s] Level 1:colcon.colcon_core.package_identification:_identify(src/zed-ros2-examples/tools/zed_benchmark_interfaces) by extension 'colcon_pkg'
[0.647s] Level 1:colcon.colcon_core.package_identification:_identify(src/zed-ros2-examples/tools/zed_benchmark_interfaces) by extensions ['colcon_meta']
[0.647s] Level 1:colcon.colcon_core.package_identification:_identify(src/zed-ros2-examples/tools/zed_benchmark_interfaces) by extension 'colcon_meta'
[0.648s] Level 1:colcon.colcon_core.package_identification:_identify(src/zed-ros2-examples/tools/zed_benchmark_interfaces) by extensions ['ros']
[0.648s] Level 1:colcon.colcon_core.package_identification:_identify(src/zed-ros2-examples/tools/zed_benchmark_interfaces) by extension 'ros'
[0.649s] DEBUG:colcon.colcon_core.package_identification:Package 'src/zed-ros2-examples/tools/zed_benchmark_interfaces' with type 'ros.ament_cmake' and name 'zed_topic_benchmark_interfaces'
[0.649s] Level 1:colcon.colcon_core.package_identification:_identify(src/zed-ros2-examples/tutorials) by extensions ['ignore', 'ignore_ament_install']
[0.649s] Level 1:colcon.colcon_core.package_identification:_identify(src/zed-ros2-examples/tutorials) by extension 'ignore'
[0.649s] Level 1:colcon.colcon_core.package_identification:_identify(src/zed-ros2-examples/tutorials) by extension 'ignore_ament_install'
[0.649s] Level 1:colcon.colcon_core.package_identification:_identify(src/zed-ros2-examples/tutorials) by extensions ['colcon_pkg']
[0.649s] Level 1:colcon.colcon_core.package_identification:_identify(src/zed-ros2-examples/tutorials) by extension 'colcon_pkg'
[0.650s] Level 1:colcon.colcon_core.package_identification:_identify(src/zed-ros2-examples/tutorials) by extensions ['colcon_meta']
[0.650s] Level 1:colcon.colcon_core.package_identification:_identify(src/zed-ros2-examples/tutorials) by extension 'colcon_meta'
[0.650s] Level 1:colcon.colcon_core.package_identification:_identify(src/zed-ros2-examples/tutorials) by extensions ['ros']
[0.650s] Level 1:colcon.colcon_core.package_identification:_identify(src/zed-ros2-examples/tutorials) by extension 'ros'
[0.650s] Level 1:colcon.colcon_core.package_identification:_identify(src/zed-ros2-examples/tutorials) by extensions ['cmake', 'python']
[0.650s] Level 1:colcon.colcon_core.package_identification:_identify(src/zed-ros2-examples/tutorials) by extension 'cmake'
[0.650s] Level 1:colcon.colcon_core.package_identification:_identify(src/zed-ros2-examples/tutorials) by extension 'python'
[0.650s] Level 1:colcon.colcon_core.package_identification:_identify(src/zed-ros2-examples/tutorials) by extensions ['python_setup_py']
[0.650s] Level 1:colcon.colcon_core.package_identification:_identify(src/zed-ros2-examples/tutorials) by extension 'python_setup_py'
[0.651s] Level 1:colcon.colcon_core.package_identification:_identify(src/zed-ros2-examples/tutorials/zed_depth_tutorial) by extensions ['ignore', 'ignore_ament_install']
[0.651s] Level 1:colcon.colcon_core.package_identification:_identify(src/zed-ros2-examples/tutorials/zed_depth_tutorial) by extension 'ignore'
[0.651s] Level 1:colcon.colcon_core.package_identification:_identify(src/zed-ros2-examples/tutorials/zed_depth_tutorial) by extension 'ignore_ament_install'
[0.651s] Level 1:colcon.colcon_core.package_identification:_identify(src/zed-ros2-examples/tutorials/zed_depth_tutorial) by extensions ['colcon_pkg']
[0.651s] Level 1:colcon.colcon_core.package_identification:_identify(src/zed-ros2-examples/tutorials/zed_depth_tutorial) by extension 'colcon_pkg'
[0.651s] Level 1:colcon.colcon_core.package_identification:_identify(src/zed-ros2-examples/tutorials/zed_depth_tutorial) by extensions ['colcon_meta']
[0.651s] Level 1:colcon.colcon_core.package_identification:_identify(src/zed-ros2-examples/tutorials/zed_depth_tutorial) by extension 'colcon_meta'
[0.651s] Level 1:colcon.colcon_core.package_identification:_identify(src/zed-ros2-examples/tutorials/zed_depth_tutorial) by extensions ['ros']
[0.651s] Level 1:colcon.colcon_core.package_identification:_identify(src/zed-ros2-examples/tutorials/zed_depth_tutorial) by extension 'ros'
[0.653s] DEBUG:colcon.colcon_core.package_identification:Package 'src/zed-ros2-examples/tutorials/zed_depth_tutorial' with type 'ros.ament_cmake' and name 'zed_tutorial_depth'
[0.653s] Level 1:colcon.colcon_core.package_identification:_identify(src/zed-ros2-examples/tutorials/zed_ipc) by extensions ['ignore', 'ignore_ament_install']
[0.653s] Level 1:colcon.colcon_core.package_identification:_identify(src/zed-ros2-examples/tutorials/zed_ipc) by extension 'ignore'
[0.653s] Level 1:colcon.colcon_core.package_identification:_identify(src/zed-ros2-examples/tutorials/zed_ipc) by extension 'ignore_ament_install'
[0.653s] Level 1:colcon.colcon_core.package_identification:_identify(src/zed-ros2-examples/tutorials/zed_ipc) by extensions ['colcon_pkg']
[0.653s] Level 1:colcon.colcon_core.package_identification:_identify(src/zed-ros2-examples/tutorials/zed_ipc) by extension 'colcon_pkg'
[0.653s] Level 1:colcon.colcon_core.package_identification:_identify(src/zed-ros2-examples/tutorials/zed_ipc) by extensions ['colcon_meta']
[0.653s] Level 1:colcon.colcon_core.package_identification:_identify(src/zed-ros2-examples/tutorials/zed_ipc) by extension 'colcon_meta'
[0.654s] Level 1:colcon.colcon_core.package_identification:_identify(src/zed-ros2-examples/tutorials/zed_ipc) by extensions ['ros']
[0.654s] Level 1:colcon.colcon_core.package_identification:_identify(src/zed-ros2-examples/tutorials/zed_ipc) by extension 'ros'
[0.655s] DEBUG:colcon.colcon_core.package_identification:Package 'src/zed-ros2-examples/tutorials/zed_ipc' with type 'ros.ament_cmake' and name 'zed_ipc'
[0.656s] Level 1:colcon.colcon_core.package_identification:_identify(src/zed-ros2-examples/tutorials/zed_multi_camera) by extensions ['ignore', 'ignore_ament_install']
[0.656s] Level 1:colcon.colcon_core.package_identification:_identify(src/zed-ros2-examples/tutorials/zed_multi_camera) by extension 'ignore'
[0.656s] Level 1:colcon.colcon_core.package_identification:_identify(src/zed-ros2-examples/tutorials/zed_multi_camera) by extension 'ignore_ament_install'
[0.656s] Level 1:colcon.colcon_core.package_identification:_identify(src/zed-ros2-examples/tutorials/zed_multi_camera) by extensions ['colcon_pkg']
[0.656s] Level 1:colcon.colcon_core.package_identification:_identify(src/zed-ros2-examples/tutorials/zed_multi_camera) by extension 'colcon_pkg'
[0.656s] Level 1:colcon.colcon_core.package_identification:_identify(src/zed-ros2-examples/tutorials/zed_multi_camera) by extensions ['colcon_meta']
[0.656s] Level 1:colcon.colcon_core.package_identification:_identify(src/zed-ros2-examples/tutorials/zed_multi_camera) by extension 'colcon_meta'
[0.656s] Level 1:colcon.colcon_core.package_identification:_identify(src/zed-ros2-examples/tutorials/zed_multi_camera) by extensions ['ros']
[0.656s] Level 1:colcon.colcon_core.package_identification:_identify(src/zed-ros2-examples/tutorials/zed_multi_camera) by extension 'ros'
[0.658s] DEBUG:colcon.colcon_core.package_identification:Package 'src/zed-ros2-examples/tutorials/zed_multi_camera' with type 'ros.ament_cmake' and name 'zed_multi_camera'
[0.658s] Level 1:colcon.colcon_core.package_identification:_identify(src/zed-ros2-examples/tutorials/zed_pose_tutorial) by extensions ['ignore', 'ignore_ament_install']
[0.658s] Level 1:colcon.colcon_core.package_identification:_identify(src/zed-ros2-examples/tutorials/zed_pose_tutorial) by extension 'ignore'
[0.658s] Level 1:colcon.colcon_core.package_identification:_identify(src/zed-ros2-examples/tutorials/zed_pose_tutorial) by extension 'ignore_ament_install'
[0.658s] Level 1:colcon.colcon_core.package_identification:_identify(src/zed-ros2-examples/tutorials/zed_pose_tutorial) by extensions ['colcon_pkg']
[0.658s] Level 1:colcon.colcon_core.package_identification:_identify(src/zed-ros2-examples/tutorials/zed_pose_tutorial) by extension 'colcon_pkg'
[0.658s] Level 1:colcon.colcon_core.package_identification:_identify(src/zed-ros2-examples/tutorials/zed_pose_tutorial) by extensions ['colcon_meta']
[0.658s] Level 1:colcon.colcon_core.package_identification:_identify(src/zed-ros2-examples/tutorials/zed_pose_tutorial) by extension 'colcon_meta'
[0.659s] Level 1:colcon.colcon_core.package_identification:_identify(src/zed-ros2-examples/tutorials/zed_pose_tutorial) by extensions ['ros']
[0.659s] Level 1:colcon.colcon_core.package_identification:_identify(src/zed-ros2-examples/tutorials/zed_pose_tutorial) by extension 'ros'
[0.660s] DEBUG:colcon.colcon_core.package_identification:Package 'src/zed-ros2-examples/tutorials/zed_pose_tutorial' with type 'ros.ament_cmake' and name 'zed_tutorial_pos_tracking'
[0.660s] Level 1:colcon.colcon_core.package_identification:_identify(src/zed-ros2-examples/tutorials/zed_rgb_convert) by extensions ['ignore', 'ignore_ament_install']
[0.661s] Level 1:colcon.colcon_core.package_identification:_identify(src/zed-ros2-examples/tutorials/zed_rgb_convert) by extension 'ignore'
[0.661s] Level 1:colcon.colcon_core.package_identification:_identify(src/zed-ros2-examples/tutorials/zed_rgb_convert) by extension 'ignore_ament_install'
[0.661s] Level 1:colcon.colcon_core.package_identification:_identify(src/zed-ros2-examples/tutorials/zed_rgb_convert) by extensions ['colcon_pkg']
[0.661s] Level 1:colcon.colcon_core.package_identification:_identify(src/zed-ros2-examples/tutorials/zed_rgb_convert) by extension 'colcon_pkg'
[0.661s] Level 1:colcon.colcon_core.package_identification:_identify(src/zed-ros2-examples/tutorials/zed_rgb_convert) by extensions ['colcon_meta']
[0.661s] Level 1:colcon.colcon_core.package_identification:_identify(src/zed-ros2-examples/tutorials/zed_rgb_convert) by extension 'colcon_meta'
[0.661s] Level 1:colcon.colcon_core.package_identification:_identify(src/zed-ros2-examples/tutorials/zed_rgb_convert) by extensions ['ros']
[0.661s] Level 1:colcon.colcon_core.package_identification:_identify(src/zed-ros2-examples/tutorials/zed_rgb_convert) by extension 'ros'
[0.662s] DEBUG:colcon.colcon_core.package_identification:Package 'src/zed-ros2-examples/tutorials/zed_rgb_convert' with type 'ros.ament_cmake' and name 'zed_rgb_convert'
[0.663s] Level 1:colcon.colcon_core.package_identification:_identify(src/zed-ros2-examples/tutorials/zed_robot_integration) by extensions ['ignore', 'ignore_ament_install']
[0.663s] Level 1:colcon.colcon_core.package_identification:_identify(src/zed-ros2-examples/tutorials/zed_robot_integration) by extension 'ignore'
[0.663s] Level 1:colcon.colcon_core.package_identification:_identify(src/zed-ros2-examples/tutorials/zed_robot_integration) by extension 'ignore_ament_install'
[0.663s] Level 1:colcon.colcon_core.package_identification:_identify(src/zed-ros2-examples/tutorials/zed_robot_integration) by extensions ['colcon_pkg']
[0.663s] Level 1:colcon.colcon_core.package_identification:_identify(src/zed-ros2-examples/tutorials/zed_robot_integration) by extension 'colcon_pkg'
[0.663s] Level 1:colcon.colcon_core.package_identification:_identify(src/zed-ros2-examples/tutorials/zed_robot_integration) by extensions ['colcon_meta']
[0.663s] Level 1:colcon.colcon_core.package_identification:_identify(src/zed-ros2-examples/tutorials/zed_robot_integration) by extension 'colcon_meta'
[0.664s] Level 1:colcon.colcon_core.package_identification:_identify(src/zed-ros2-examples/tutorials/zed_robot_integration) by extensions ['ros']
[0.664s] Level 1:colcon.colcon_core.package_identification:_identify(src/zed-ros2-examples/tutorials/zed_robot_integration) by extension 'ros'
[0.665s] DEBUG:colcon.colcon_core.package_identification:Package 'src/zed-ros2-examples/tutorials/zed_robot_integration' with type 'ros.ament_cmake' and name 'zed_robot_integration'
[0.666s] Level 1:colcon.colcon_core.package_identification:_identify(src/zed-ros2-examples/tutorials/zed_video_tutorial) by extensions ['ignore', 'ignore_ament_install']
[0.666s] Level 1:colcon.colcon_core.package_identification:_identify(src/zed-ros2-examples/tutorials/zed_video_tutorial) by extension 'ignore'
[0.666s] Level 1:colcon.colcon_core.package_identification:_identify(src/zed-ros2-examples/tutorials/zed_video_tutorial) by extension 'ignore_ament_install'
[0.666s] Level 1:colcon.colcon_core.package_identification:_identify(src/zed-ros2-examples/tutorials/zed_video_tutorial) by extensions ['colcon_pkg']
[0.666s] Level 1:colcon.colcon_core.package_identification:_identify(src/zed-ros2-examples/tutorials/zed_video_tutorial) by extension 'colcon_pkg'
[0.666s] Level 1:colcon.colcon_core.package_identification:_identify(src/zed-ros2-examples/tutorials/zed_video_tutorial) by extensions ['colcon_meta']
[0.666s] Level 1:colcon.colcon_core.package_identification:_identify(src/zed-ros2-examples/tutorials/zed_video_tutorial) by extension 'colcon_meta'
[0.667s] Level 1:colcon.colcon_core.package_identification:_identify(src/zed-ros2-examples/tutorials/zed_video_tutorial) by extensions ['ros']
[0.667s] Level 1:colcon.colcon_core.package_identification:_identify(src/zed-ros2-examples/tutorials/zed_video_tutorial) by extension 'ros'
[0.668s] DEBUG:colcon.colcon_core.package_identification:Package 'src/zed-ros2-examples/tutorials/zed_video_tutorial' with type 'ros.ament_cmake' and name 'zed_tutorial_video'
[0.668s] Level 1:colcon.colcon_core.package_identification:_identify(src/zed-ros2-examples/zed_display_rviz2) by extensions ['ignore', 'ignore_ament_install']
[0.668s] Level 1:colcon.colcon_core.package_identification:_identify(src/zed-ros2-examples/zed_display_rviz2) by extension 'ignore'
[0.669s] Level 1:colcon.colcon_core.package_identification:_identify(src/zed-ros2-examples/zed_display_rviz2) by extension 'ignore_ament_install'
[0.669s] Level 1:colcon.colcon_core.package_identification:_identify(src/zed-ros2-examples/zed_display_rviz2) by extensions ['colcon_pkg']
[0.669s] Level 1:colcon.colcon_core.package_identification:_identify(src/zed-ros2-examples/zed_display_rviz2) by extension 'colcon_pkg'
[0.669s] Level 1:colcon.colcon_core.package_identification:_identify(src/zed-ros2-examples/zed_display_rviz2) by extensions ['colcon_meta']
[0.669s] Level 1:colcon.colcon_core.package_identification:_identify(src/zed-ros2-examples/zed_display_rviz2) by extension 'colcon_meta'
[0.669s] Level 1:colcon.colcon_core.package_identification:_identify(src/zed-ros2-examples/zed_display_rviz2) by extensions ['ros']
[0.669s] Level 1:colcon.colcon_core.package_identification:_identify(src/zed-ros2-examples/zed_display_rviz2) by extension 'ros'
[0.670s] DEBUG:colcon.colcon_core.package_identification:Package 'src/zed-ros2-examples/zed_display_rviz2' with type 'ros.ament_cmake' and name 'zed_display_rviz2'
[0.671s] Level 1:colcon.colcon_core.package_identification:_identify(src/zed-ros2-wrapper) by extensions ['ignore', 'ignore_ament_install']
[0.671s] Level 1:colcon.colcon_core.package_identification:_identify(src/zed-ros2-wrapper) by extension 'ignore'
[0.671s] Level 1:colcon.colcon_core.package_identification:_identify(src/zed-ros2-wrapper) by extension 'ignore_ament_install'
[0.671s] Level 1:colcon.colcon_core.package_identification:_identify(src/zed-ros2-wrapper) by extensions ['colcon_pkg']
[0.671s] Level 1:colcon.colcon_core.package_identification:_identify(src/zed-ros2-wrapper) by extension 'colcon_pkg'
[0.671s] Level 1:colcon.colcon_core.package_identification:_identify(src/zed-ros2-wrapper) by extensions ['colcon_meta']
[0.671s] Level 1:colcon.colcon_core.package_identification:_identify(src/zed-ros2-wrapper) by extension 'colcon_meta'
[0.671s] Level 1:colcon.colcon_core.package_identification:_identify(src/zed-ros2-wrapper) by extensions ['ros']
[0.671s] Level 1:colcon.colcon_core.package_identification:_identify(src/zed-ros2-wrapper) by extension 'ros'
[0.672s] Level 1:colcon.colcon_core.package_identification:_identify(src/zed-ros2-wrapper) by extensions ['cmake', 'python']
[0.672s] Level 1:colcon.colcon_core.package_identification:_identify(src/zed-ros2-wrapper) by extension 'cmake'
[0.672s] Level 1:colcon.colcon_core.package_identification:_identify(src/zed-ros2-wrapper) by extension 'python'
[0.672s] Level 1:colcon.colcon_core.package_identification:_identify(src/zed-ros2-wrapper) by extensions ['python_setup_py']
[0.672s] Level 1:colcon.colcon_core.package_identification:_identify(src/zed-ros2-wrapper) by extension 'python_setup_py'
[0.672s] Level 1:colcon.colcon_core.package_identification:_identify(src/zed-ros2-wrapper/docker) by extensions ['ignore', 'ignore_ament_install']
[0.672s] Level 1:colcon.colcon_core.package_identification:_identify(src/zed-ros2-wrapper/docker) by extension 'ignore'
[0.672s] Level 1:colcon.colcon_core.package_identification:_identify(src/zed-ros2-wrapper/docker) by extension 'ignore_ament_install'
[0.673s] Level 1:colcon.colcon_core.package_identification:_identify(src/zed-ros2-wrapper/docker) by extensions ['colcon_pkg']
[0.673s] Level 1:colcon.colcon_core.package_identification:_identify(src/zed-ros2-wrapper/docker) by extension 'colcon_pkg'
[0.673s] Level 1:colcon.colcon_core.package_identification:_identify(src/zed-ros2-wrapper/docker) by extensions ['colcon_meta']
[0.673s] Level 1:colcon.colcon_core.package_identification:_identify(src/zed-ros2-wrapper/docker) by extension 'colcon_meta'
[0.673s] Level 1:colcon.colcon_core.package_identification:_identify(src/zed-ros2-wrapper/docker) by extensions ['ros']
[0.673s] Level 1:colcon.colcon_core.package_identification:_identify(src/zed-ros2-wrapper/docker) by extension 'ros'
[0.673s] Level 1:colcon.colcon_core.package_identification:_identify(src/zed-ros2-wrapper/docker) by extensions ['cmake', 'python']
[0.673s] Level 1:colcon.colcon_core.package_identification:_identify(src/zed-ros2-wrapper/docker) by extension 'cmake'
[0.673s] Level 1:colcon.colcon_core.package_identification:_identify(src/zed-ros2-wrapper/docker) by extension 'python'
[0.673s] Level 1:colcon.colcon_core.package_identification:_identify(src/zed-ros2-wrapper/docker) by extensions ['python_setup_py']
[0.673s] Level 1:colcon.colcon_core.package_identification:_identify(src/zed-ros2-wrapper/docker) by extension 'python_setup_py'
[0.674s] Level 1:colcon.colcon_core.package_identification:_identify(src/zed-ros2-wrapper/images) by extensions ['ignore', 'ignore_ament_install']
[0.674s] Level 1:colcon.colcon_core.package_identification:_identify(src/zed-ros2-wrapper/images) by extension 'ignore'
[0.674s] Level 1:colcon.colcon_core.package_identification:_identify(src/zed-ros2-wrapper/images) by extension 'ignore_ament_install'
[0.674s] Level 1:colcon.colcon_core.package_identification:_identify(src/zed-ros2-wrapper/images) by extensions ['colcon_pkg']
[0.674s] Level 1:colcon.colcon_core.package_identification:_identify(src/zed-ros2-wrapper/images) by extension 'colcon_pkg'
[0.674s] Level 1:colcon.colcon_core.package_identification:_identify(src/zed-ros2-wrapper/images) by extensions ['colcon_meta']
[0.674s] Level 1:colcon.colcon_core.package_identification:_identify(src/zed-ros2-wrapper/images) by extension 'colcon_meta'
[0.674s] Level 1:colcon.colcon_core.package_identification:_identify(src/zed-ros2-wrapper/images) by extensions ['ros']
[0.674s] Level 1:colcon.colcon_core.package_identification:_identify(src/zed-ros2-wrapper/images) by extension 'ros'
[0.674s] Level 1:colcon.colcon_core.package_identification:_identify(src/zed-ros2-wrapper/images) by extensions ['cmake', 'python']
[0.674s] Level 1:colcon.colcon_core.package_identification:_identify(src/zed-ros2-wrapper/images) by extension 'cmake'
[0.675s] Level 1:colcon.colcon_core.package_identification:_identify(src/zed-ros2-wrapper/images) by extension 'python'
[0.675s] Level 1:colcon.colcon_core.package_identification:_identify(src/zed-ros2-wrapper/images) by extensions ['python_setup_py']
[0.675s] Level 1:colcon.colcon_core.package_identification:_identify(src/zed-ros2-wrapper/images) by extension 'python_setup_py'
[0.675s] Level 1:colcon.colcon_core.package_identification:_identify(src/zed-ros2-wrapper/zed_components) by extensions ['ignore', 'ignore_ament_install']
[0.675s] Level 1:colcon.colcon_core.package_identification:_identify(src/zed-ros2-wrapper/zed_components) by extension 'ignore'
[0.675s] Level 1:colcon.colcon_core.package_identification:_identify(src/zed-ros2-wrapper/zed_components) by extension 'ignore_ament_install'
[0.675s] Level 1:colcon.colcon_core.package_identification:_identify(src/zed-ros2-wrapper/zed_components) by extensions ['colcon_pkg']
[0.675s] Level 1:colcon.colcon_core.package_identification:_identify(src/zed-ros2-wrapper/zed_components) by extension 'colcon_pkg'
[0.675s] Level 1:colcon.colcon_core.package_identification:_identify(src/zed-ros2-wrapper/zed_components) by extensions ['colcon_meta']
[0.675s] Level 1:colcon.colcon_core.package_identification:_identify(src/zed-ros2-wrapper/zed_components) by extension 'colcon_meta'
[0.676s] Level 1:colcon.colcon_core.package_identification:_identify(src/zed-ros2-wrapper/zed_components) by extensions ['ros']
[0.676s] Level 1:colcon.colcon_core.package_identification:_identify(src/zed-ros2-wrapper/zed_components) by extension 'ros'
[0.678s] DEBUG:colcon.colcon_core.package_identification:Package 'src/zed-ros2-wrapper/zed_components' with type 'ros.ament_cmake' and name 'zed_components'
[0.678s] Level 1:colcon.colcon_core.package_identification:_identify(src/zed-ros2-wrapper/zed_ros2) by extensions ['ignore', 'ignore_ament_install']
[0.678s] Level 1:colcon.colcon_core.package_identification:_identify(src/zed-ros2-wrapper/zed_ros2) by extension 'ignore'
[0.679s] Level 1:colcon.colcon_core.package_identification:_identify(src/zed-ros2-wrapper/zed_ros2) by extension 'ignore_ament_install'
[0.679s] Level 1:colcon.colcon_core.package_identification:_identify(src/zed-ros2-wrapper/zed_ros2) by extensions ['colcon_pkg']
[0.679s] Level 1:colcon.colcon_core.package_identification:_identify(src/zed-ros2-wrapper/zed_ros2) by extension 'colcon_pkg'
[0.679s] Level 1:colcon.colcon_core.package_identification:_identify(src/zed-ros2-wrapper/zed_ros2) by extensions ['colcon_meta']
[0.679s] Level 1:colcon.colcon_core.package_identification:_identify(src/zed-ros2-wrapper/zed_ros2) by extension 'colcon_meta'
[0.679s] Level 1:colcon.colcon_core.package_identification:_identify(src/zed-ros2-wrapper/zed_ros2) by extensions ['ros']
[0.679s] Level 1:colcon.colcon_core.package_identification:_identify(src/zed-ros2-wrapper/zed_ros2) by extension 'ros'
[0.680s] DEBUG:colcon.colcon_core.package_identification:Package 'src/zed-ros2-wrapper/zed_ros2' with type 'ros.ament_cmake' and name 'zed_ros2'
[0.680s] Level 1:colcon.colcon_core.package_identification:_identify(src/zed-ros2-wrapper/zed_wrapper) by extensions ['ignore', 'ignore_ament_install']
[0.680s] Level 1:colcon.colcon_core.package_identification:_identify(src/zed-ros2-wrapper/zed_wrapper) by extension 'ignore'
[0.681s] Level 1:colcon.colcon_core.package_identification:_identify(src/zed-ros2-wrapper/zed_wrapper) by extension 'ignore_ament_install'
[0.681s] Level 1:colcon.colcon_core.package_identification:_identify(src/zed-ros2-wrapper/zed_wrapper) by extensions ['colcon_pkg']
[0.681s] Level 1:colcon.colcon_core.package_identification:_identify(src/zed-ros2-wrapper/zed_wrapper) by extension 'colcon_pkg'
[0.681s] Level 1:colcon.colcon_core.package_identification:_identify(src/zed-ros2-wrapper/zed_wrapper) by extensions ['colcon_meta']
[0.681s] Level 1:colcon.colcon_core.package_identification:_identify(src/zed-ros2-wrapper/zed_wrapper) by extension 'colcon_meta'
[0.681s] Level 1:colcon.colcon_core.package_identification:_identify(src/zed-ros2-wrapper/zed_wrapper) by extensions ['ros']
[0.681s] Level 1:colcon.colcon_core.package_identification:_identify(src/zed-ros2-wrapper/zed_wrapper) by extension 'ros'
[0.683s] DEBUG:colcon.colcon_core.package_identification:Package 'src/zed-ros2-wrapper/zed_wrapper' with type 'ros.ament_cmake' and name 'zed_wrapper'
[0.683s] Level 1:colcon.colcon_core.package_discovery:discover_packages(recursive) using defaults
[0.683s] Level 1:colcon.colcon_core.package_discovery:discover_packages(ignore) discover
[0.683s] Level 1:colcon.colcon_core.package_discovery:discover_packages(ignore) using defaults
[0.683s] Level 1:colcon.colcon_core.package_discovery:discover_packages(path) discover
[0.683s] Level 1:colcon.colcon_core.package_discovery:discover_packages(path) using defaults
[0.730s] Level 1:colcon.colcon_core.package_discovery:discover_packages(prefix_path) check parameters
[0.731s] Level 1:colcon.colcon_core.package_discovery:discover_packages(prefix_path) discover
[0.734s] DEBUG:colcon.colcon_installed_package_information.package_discovery:Found 3 installed packages in /home/epriauto/ros2_ws/camera/zed-camera-wrapper/install
[0.737s] DEBUG:colcon.colcon_installed_package_information.package_discovery:Found 366 installed packages in /opt/ros/humble
[0.740s] Level 1:colcon.colcon_core.package_discovery:discover_packages(prefix_path) using defaults
[0.824s] Level 5:colcon.colcon_core.verb:set package 'rviz_plugin_zed_od' build argument 'cmake_args' from command line to '['-DCMAKE_BUILD_TYPE=Release']'
[0.824s] Level 5:colcon.colcon_core.verb:set package 'rviz_plugin_zed_od' build argument 'cmake_target' from command line to 'None'
[0.824s] Level 5:colcon.colcon_core.verb:set package 'rviz_plugin_zed_od' build argument 'cmake_target_skip_unavailable' from command line to 'False'
[0.824s] Level 5:colcon.colcon_core.verb:set package 'rviz_plugin_zed_od' build argument 'cmake_clean_cache' from command line to 'False'
[0.824s] Level 5:colcon.colcon_core.verb:set package 'rviz_plugin_zed_od' build argument 'cmake_clean_first' from command line to 'False'
[0.825s] Level 5:colcon.colcon_core.verb:set package 'rviz_plugin_zed_od' build argument 'cmake_force_configure' from command line to 'False'
[0.825s] Level 5:colcon.colcon_core.verb:set package 'rviz_plugin_zed_od' build argument 'ament_cmake_args' from command line to 'None'
[0.825s] Level 5:colcon.colcon_core.verb:set package 'rviz_plugin_zed_od' build argument 'catkin_cmake_args' from command line to 'None'
[0.825s] Level 5:colcon.colcon_core.verb:set package 'rviz_plugin_zed_od' build argument 'catkin_skip_building_tests' from command line to 'False'
[0.825s] DEBUG:colcon.colcon_core.verb:Building package 'rviz_plugin_zed_od' with the following arguments: {'ament_cmake_args': None, 'build_base': '/home/epriauto/ros2_ws/camera/zed-camera-wrapper/build/rviz_plugin_zed_od', 'catkin_cmake_args': None, 'catkin_skip_building_tests': False, 'cmake_args': ['-DCMAKE_BUILD_TYPE=Release'], 'cmake_clean_cache': False, 'cmake_clean_first': False, 'cmake_force_configure': False, 'cmake_target': None, 'cmake_target_skip_unavailable': False, 'install_base': '/home/epriauto/ros2_ws/camera/zed-camera-wrapper/install/rviz_plugin_zed_od', 'merge_install': False, 'path': '/home/epriauto/ros2_ws/camera/zed-camera-wrapper/src/zed-ros2-examples/rviz-plugin-zed-od', 'symlink_install': True, 'test_result_base': None}
[0.825s] Level 5:colcon.colcon_core.verb:set package 'zed_components' build argument 'cmake_args' from command line to '['-DCMAKE_BUILD_TYPE=Release']'
[0.825s] Level 5:colcon.colcon_core.verb:set package 'zed_components' build argument 'cmake_target' from command line to 'None'
[0.826s] Level 5:colcon.colcon_core.verb:set package 'zed_components' build argument 'cmake_target_skip_unavailable' from command line to 'False'
[0.826s] Level 5:colcon.colcon_core.verb:set package 'zed_components' build argument 'cmake_clean_cache' from command line to 'False'
[0.826s] Level 5:colcon.colcon_core.verb:set package 'zed_components' build argument 'cmake_clean_first' from command line to 'False'
[0.826s] Level 5:colcon.colcon_core.verb:set package 'zed_components' build argument 'cmake_force_configure' from command line to 'False'
[0.826s] Level 5:colcon.colcon_core.verb:set package 'zed_components' build argument 'ament_cmake_args' from command line to 'None'
[0.826s] Level 5:colcon.colcon_core.verb:set package 'zed_components' build argument 'catkin_cmake_args' from command line to 'None'
[0.826s] Level 5:colcon.colcon_core.verb:set package 'zed_components' build argument 'catkin_skip_building_tests' from command line to 'False'
[0.826s] DEBUG:colcon.colcon_core.verb:Building package 'zed_components' with the following arguments: {'ament_cmake_args': None, 'build_base': '/home/epriauto/ros2_ws/camera/zed-camera-wrapper/build/zed_components', 'catkin_cmake_args': None, 'catkin_skip_building_tests': False, 'cmake_args': ['-DCMAKE_BUILD_TYPE=Release'], 'cmake_clean_cache': False, 'cmake_clean_first': False, 'cmake_force_configure': False, 'cmake_target': None, 'cmake_target_skip_unavailable': False, 'install_base': '/home/epriauto/ros2_ws/camera/zed-camera-wrapper/install/zed_components', 'merge_install': False, 'path': '/home/epriauto/ros2_ws/camera/zed-camera-wrapper/src/zed-ros2-wrapper/zed_components', 'symlink_install': True, 'test_result_base': None}
[0.826s] Level 5:colcon.colcon_core.verb:set package 'zed_topic_benchmark_interfaces' build argument 'cmake_args' from command line to '['-DCMAKE_BUILD_TYPE=Release']'
[0.827s] Level 5:colcon.colcon_core.verb:set package 'zed_topic_benchmark_interfaces' build argument 'cmake_target' from command line to 'None'
[0.827s] Level 5:colcon.colcon_core.verb:set package 'zed_topic_benchmark_interfaces' build argument 'cmake_target_skip_unavailable' from command line to 'False'
[0.827s] Level 5:colcon.colcon_core.verb:set package 'zed_topic_benchmark_interfaces' build argument 'cmake_clean_cache' from command line to 'False'
[0.827s] Level 5:colcon.colcon_core.verb:set package 'zed_topic_benchmark_interfaces' build argument 'cmake_clean_first' from command line to 'False'
[0.827s] Level 5:colcon.colcon_core.verb:set package 'zed_topic_benchmark_interfaces' build argument 'cmake_force_configure' from command line to 'False'
[0.827s] Level 5:colcon.colcon_core.verb:set package 'zed_topic_benchmark_interfaces' build argument 'ament_cmake_args' from command line to 'None'
[0.827s] Level 5:colcon.colcon_core.verb:set package 'zed_topic_benchmark_interfaces' build argument 'catkin_cmake_args' from command line to 'None'
[0.827s] Level 5:colcon.colcon_core.verb:set package 'zed_topic_benchmark_interfaces' build argument 'catkin_skip_building_tests' from command line to 'False'
[0.827s] DEBUG:colcon.colcon_core.verb:Building package 'zed_topic_benchmark_interfaces' with the following arguments: {'ament_cmake_args': None, 'build_base': '/home/epriauto/ros2_ws/camera/zed-camera-wrapper/build/zed_topic_benchmark_interfaces', 'catkin_cmake_args': None, 'catkin_skip_building_tests': False, 'cmake_args': ['-DCMAKE_BUILD_TYPE=Release'], 'cmake_clean_cache': False, 'cmake_clean_first': False, 'cmake_force_configure': False, 'cmake_target': None, 'cmake_target_skip_unavailable': False, 'install_base': '/home/epriauto/ros2_ws/camera/zed-camera-wrapper/install/zed_topic_benchmark_interfaces', 'merge_install': False, 'path': '/home/epriauto/ros2_ws/camera/zed-camera-wrapper/src/zed-ros2-examples/tools/zed_benchmark_interfaces', 'symlink_install': True, 'test_result_base': None}
[0.828s] Level 5:colcon.colcon_core.verb:set package 'zed_tutorial_depth' build argument 'cmake_args' from command line to '['-DCMAKE_BUILD_TYPE=Release']'
[0.828s] Level 5:colcon.colcon_core.verb:set package 'zed_tutorial_depth' build argument 'cmake_target' from command line to 'None'
[0.828s] Level 5:colcon.colcon_core.verb:set package 'zed_tutorial_depth' build argument 'cmake_target_skip_unavailable' from command line to 'False'
[0.828s] Level 5:colcon.colcon_core.verb:set package 'zed_tutorial_depth' build argument 'cmake_clean_cache' from command line to 'False'
[0.828s] Level 5:colcon.colcon_core.verb:set package 'zed_tutorial_depth' build argument 'cmake_clean_first' from command line to 'False'
[0.828s] Level 5:colcon.colcon_core.verb:set package 'zed_tutorial_depth' build argument 'cmake_force_configure' from command line to 'False'
[0.828s] Level 5:colcon.colcon_core.verb:set package 'zed_tutorial_depth' build argument 'ament_cmake_args' from command line to 'None'
[0.828s] Level 5:colcon.colcon_core.verb:set package 'zed_tutorial_depth' build argument 'catkin_cmake_args' from command line to 'None'
[0.828s] Level 5:colcon.colcon_core.verb:set package 'zed_tutorial_depth' build argument 'catkin_skip_building_tests' from command line to 'False'
[0.828s] DEBUG:colcon.colcon_core.verb:Building package 'zed_tutorial_depth' with the following arguments: {'ament_cmake_args': None, 'build_base': '/home/epriauto/ros2_ws/camera/zed-camera-wrapper/build/zed_tutorial_depth', 'catkin_cmake_args': None, 'catkin_skip_building_tests': False, 'cmake_args': ['-DCMAKE_BUILD_TYPE=Release'], 'cmake_clean_cache': False, 'cmake_clean_first': False, 'cmake_force_configure': False, 'cmake_target': None, 'cmake_target_skip_unavailable': False, 'install_base': '/home/epriauto/ros2_ws/camera/zed-camera-wrapper/install/zed_tutorial_depth', 'merge_install': False, 'path': '/home/epriauto/ros2_ws/camera/zed-camera-wrapper/src/zed-ros2-examples/tutorials/zed_depth_tutorial', 'symlink_install': True, 'test_result_base': None}
[0.829s] Level 5:colcon.colcon_core.verb:set package 'zed_tutorial_pos_tracking' build argument 'cmake_args' from command line to '['-DCMAKE_BUILD_TYPE=Release']'
[0.829s] Level 5:colcon.colcon_core.verb:set package 'zed_tutorial_pos_tracking' build argument 'cmake_target' from command line to 'None'
[0.829s] Level 5:colcon.colcon_core.verb:set package 'zed_tutorial_pos_tracking' build argument 'cmake_target_skip_unavailable' from command line to 'False'
[0.829s] Level 5:colcon.colcon_core.verb:set package 'zed_tutorial_pos_tracking' build argument 'cmake_clean_cache' from command line to 'False'
[0.829s] Level 5:colcon.colcon_core.verb:set package 'zed_tutorial_pos_tracking' build argument 'cmake_clean_first' from command line to 'False'
[0.829s] Level 5:colcon.colcon_core.verb:set package 'zed_tutorial_pos_tracking' build argument 'cmake_force_configure' from command line to 'False'
[0.829s] Level 5:colcon.colcon_core.verb:set package 'zed_tutorial_pos_tracking' build argument 'ament_cmake_args' from command line to 'None'
[0.829s] Level 5:colcon.colcon_core.verb:set package 'zed_tutorial_pos_tracking' build argument 'catkin_cmake_args' from command line to 'None'
[0.829s] Level 5:colcon.colcon_core.verb:set package 'zed_tutorial_pos_tracking' build argument 'catkin_skip_building_tests' from command line to 'False'
[0.830s] DEBUG:colcon.colcon_core.verb:Building package 'zed_tutorial_pos_tracking' with the following arguments: {'ament_cmake_args': None, 'build_base': '/home/epriauto/ros2_ws/camera/zed-camera-wrapper/build/zed_tutorial_pos_tracking', 'catkin_cmake_args': None, 'catkin_skip_building_tests': False, 'cmake_args': ['-DCMAKE_BUILD_TYPE=Release'], 'cmake_clean_cache': False, 'cmake_clean_first': False, 'cmake_force_configure': False, 'cmake_target': None, 'cmake_target_skip_unavailable': False, 'install_base': '/home/epriauto/ros2_ws/camera/zed-camera-wrapper/install/zed_tutorial_pos_tracking', 'merge_install': False, 'path': '/home/epriauto/ros2_ws/camera/zed-camera-wrapper/src/zed-ros2-examples/tutorials/zed_pose_tutorial', 'symlink_install': True, 'test_result_base': None}
[0.830s] Level 5:colcon.colcon_core.verb:set package 'zed_tutorial_video' build argument 'cmake_args' from command line to '['-DCMAKE_BUILD_TYPE=Release']'
[0.830s] Level 5:colcon.colcon_core.verb:set package 'zed_tutorial_video' build argument 'cmake_target' from command line to 'None'
[0.830s] Level 5:colcon.colcon_core.verb:set package 'zed_tutorial_video' build argument 'cmake_target_skip_unavailable' from command line to 'False'
[0.830s] Level 5:colcon.colcon_core.verb:set package 'zed_tutorial_video' build argument 'cmake_clean_cache' from command line to 'False'
[0.830s] Level 5:colcon.colcon_core.verb:set package 'zed_tutorial_video' build argument 'cmake_clean_first' from command line to 'False'
[0.830s] Level 5:colcon.colcon_core.verb:set package 'zed_tutorial_video' build argument 'cmake_force_configure' from command line to 'False'
[0.831s] Level 5:colcon.colcon_core.verb:set package 'zed_tutorial_video' build argument 'ament_cmake_args' from command line to 'None'
[0.831s] Level 5:colcon.colcon_core.verb:set package 'zed_tutorial_video' build argument 'catkin_cmake_args' from command line to 'None'
[0.831s] Level 5:colcon.colcon_core.verb:set package 'zed_tutorial_video' build argument 'catkin_skip_building_tests' from command line to 'False'
[0.831s] DEBUG:colcon.colcon_core.verb:Building package 'zed_tutorial_video' with the following arguments: {'ament_cmake_args': None, 'build_base': '/home/epriauto/ros2_ws/camera/zed-camera-wrapper/build/zed_tutorial_video', 'catkin_cmake_args': None, 'catkin_skip_building_tests': False, 'cmake_args': ['-DCMAKE_BUILD_TYPE=Release'], 'cmake_clean_cache': False, 'cmake_clean_first': False, 'cmake_force_configure': False, 'cmake_target': None, 'cmake_target_skip_unavailable': False, 'install_base': '/home/epriauto/ros2_ws/camera/zed-camera-wrapper/install/zed_tutorial_video', 'merge_install': False, 'path': '/home/epriauto/ros2_ws/camera/zed-camera-wrapper/src/zed-ros2-examples/tutorials/zed_video_tutorial', 'symlink_install': True, 'test_result_base': None}
[0.831s] Level 5:colcon.colcon_core.verb:set package 'zed_aruco_localization' build argument 'cmake_args' from command line to '['-DCMAKE_BUILD_TYPE=Release']'
[0.831s] Level 5:colcon.colcon_core.verb:set package 'zed_aruco_localization' build argument 'cmake_target' from command line to 'None'
[0.831s] Level 5:colcon.colcon_core.verb:set package 'zed_aruco_localization' build argument 'cmake_target_skip_unavailable' from command line to 'False'
[0.831s] Level 5:colcon.colcon_core.verb:set package 'zed_aruco_localization' build argument 'cmake_clean_cache' from command line to 'False'
[0.831s] Level 5:colcon.colcon_core.verb:set package 'zed_aruco_localization' build argument 'cmake_clean_first' from command line to 'False'
[0.832s] Level 5:colcon.colcon_core.verb:set package 'zed_aruco_localization' build argument 'cmake_force_configure' from command line to 'False'
[0.832s] Level 5:colcon.colcon_core.verb:set package 'zed_aruco_localization' build argument 'ament_cmake_args' from command line to 'None'
[0.832s] Level 5:colcon.colcon_core.verb:set package 'zed_aruco_localization' build argument 'catkin_cmake_args' from command line to 'None'
[0.832s] Level 5:colcon.colcon_core.verb:set package 'zed_aruco_localization' build argument 'catkin_skip_building_tests' from command line to 'False'
[0.832s] DEBUG:colcon.colcon_core.verb:Building package 'zed_aruco_localization' with the following arguments: {'ament_cmake_args': None, 'build_base': '/home/epriauto/ros2_ws/camera/zed-camera-wrapper/build/zed_aruco_localization', 'catkin_cmake_args': None, 'catkin_skip_building_tests': False, 'cmake_args': ['-DCMAKE_BUILD_TYPE=Release'], 'cmake_clean_cache': False, 'cmake_clean_first': False, 'cmake_force_configure': False, 'cmake_target': None, 'cmake_target_skip_unavailable': False, 'install_base': '/home/epriauto/ros2_ws/camera/zed-camera-wrapper/install/zed_aruco_localization', 'merge_install': False, 'path': '/home/epriauto/ros2_ws/camera/zed-camera-wrapper/src/zed-ros2-examples/examples/zed_aruco_localization', 'symlink_install': True, 'test_result_base': None}
[0.832s] Level 5:colcon.colcon_core.verb:set package 'zed_rgb_convert' build argument 'cmake_args' from command line to '['-DCMAKE_BUILD_TYPE=Release']'
[0.832s] Level 5:colcon.colcon_core.verb:set package 'zed_rgb_convert' build argument 'cmake_target' from command line to 'None'
[0.832s] Level 5:colcon.colcon_core.verb:set package 'zed_rgb_convert' build argument 'cmake_target_skip_unavailable' from command line to 'False'
[0.832s] Level 5:colcon.colcon_core.verb:set package 'zed_rgb_convert' build argument 'cmake_clean_cache' from command line to 'False'
[0.833s] Level 5:colcon.colcon_core.verb:set package 'zed_rgb_convert' build argument 'cmake_clean_first' from command line to 'False'
[0.833s] Level 5:colcon.colcon_core.verb:set package 'zed_rgb_convert' build argument 'cmake_force_configure' from command line to 'False'
[0.833s] Level 5:colcon.colcon_core.verb:set package 'zed_rgb_convert' build argument 'ament_cmake_args' from command line to 'None'
[0.833s] Level 5:colcon.colcon_core.verb:set package 'zed_rgb_convert' build argument 'catkin_cmake_args' from command line to 'None'
[0.833s] Level 5:colcon.colcon_core.verb:set package 'zed_rgb_convert' build argument 'catkin_skip_building_tests' from command line to 'False'
[0.833s] DEBUG:colcon.colcon_core.verb:Building package 'zed_rgb_convert' with the following arguments: {'ament_cmake_args': None, 'build_base': '/home/epriauto/ros2_ws/camera/zed-camera-wrapper/build/zed_rgb_convert', 'catkin_cmake_args': None, 'catkin_skip_building_tests': False, 'cmake_args': ['-DCMAKE_BUILD_TYPE=Release'], 'cmake_clean_cache': False, 'cmake_clean_first': False, 'cmake_force_configure': False, 'cmake_target': None, 'cmake_target_skip_unavailable': False, 'install_base': '/home/epriauto/ros2_ws/camera/zed-camera-wrapper/install/zed_rgb_convert', 'merge_install': False, 'path': '/home/epriauto/ros2_ws/camera/zed-camera-wrapper/src/zed-ros2-examples/tutorials/zed_rgb_convert', 'symlink_install': True, 'test_result_base': None}
[0.833s] Level 5:colcon.colcon_core.verb:set package 'zed_topic_benchmark_component' build argument 'cmake_args' from command line to '['-DCMAKE_BUILD_TYPE=Release']'
[0.833s] Level 5:colcon.colcon_core.verb:set package 'zed_topic_benchmark_component' build argument 'cmake_target' from command line to 'None'
[0.834s] Level 5:colcon.colcon_core.verb:set package 'zed_topic_benchmark_component' build argument 'cmake_target_skip_unavailable' from command line to 'False'
[0.834s] Level 5:colcon.colcon_core.verb:set package 'zed_topic_benchmark_component' build argument 'cmake_clean_cache' from command line to 'False'
[0.834s] Level 5:colcon.colcon_core.verb:set package 'zed_topic_benchmark_component' build argument 'cmake_clean_first' from command line to 'False'
[0.834s] Level 5:colcon.colcon_core.verb:set package 'zed_topic_benchmark_component' build argument 'cmake_force_configure' from command line to 'False'
[0.834s] Level 5:colcon.colcon_core.verb:set package 'zed_topic_benchmark_component' build argument 'ament_cmake_args' from command line to 'None'
[0.834s] Level 5:colcon.colcon_core.verb:set package 'zed_topic_benchmark_component' build argument 'catkin_cmake_args' from command line to 'None'
[0.834s] Level 5:colcon.colcon_core.verb:set package 'zed_topic_benchmark_component' build argument 'catkin_skip_building_tests' from command line to 'False'
[0.834s] DEBUG:colcon.colcon_core.verb:Building package 'zed_topic_benchmark_component' with the following arguments: {'ament_cmake_args': None, 'build_base': '/home/epriauto/ros2_ws/camera/zed-camera-wrapper/build/zed_topic_benchmark_component', 'catkin_cmake_args': None, 'catkin_skip_building_tests': False, 'cmake_args': ['-DCMAKE_BUILD_TYPE=Release'], 'cmake_clean_cache': False, 'cmake_clean_first': False, 'cmake_force_configure': False, 'cmake_target': None, 'cmake_target_skip_unavailable': False, 'install_base': '/home/epriauto/ros2_ws/camera/zed-camera-wrapper/install/zed_topic_benchmark_component', 'merge_install': False, 'path': '/home/epriauto/ros2_ws/camera/zed-camera-wrapper/src/zed-ros2-examples/tools/zed_benchmark_component', 'symlink_install': True, 'test_result_base': None}
[0.834s] Level 5:colcon.colcon_core.verb:set package 'zed_wrapper' build argument 'cmake_args' from command line to '['-DCMAKE_BUILD_TYPE=Release']'
[0.835s] Level 5:colcon.colcon_core.verb:set package 'zed_wrapper' build argument 'cmake_target' from command line to 'None'
[0.835s] Level 5:colcon.colcon_core.verb:set package 'zed_wrapper' build argument 'cmake_target_skip_unavailable' from command line to 'False'
[0.835s] Level 5:colcon.colcon_core.verb:set package 'zed_wrapper' build argument 'cmake_clean_cache' from command line to 'False'
[0.835s] Level 5:colcon.colcon_core.verb:set package 'zed_wrapper' build argument 'cmake_clean_first' from command line to 'False'
[0.835s] Level 5:colcon.colcon_core.verb:set package 'zed_wrapper' build argument 'cmake_force_configure' from command line to 'False'
[0.835s] Level 5:colcon.colcon_core.verb:set package 'zed_wrapper' build argument 'ament_cmake_args' from command line to 'None'
[0.835s] Level 5:colcon.colcon_core.verb:set package 'zed_wrapper' build argument 'catkin_cmake_args' from command line to 'None'
[0.835s] Level 5:colcon.colcon_core.verb:set package 'zed_wrapper' build argument 'catkin_skip_building_tests' from command line to 'False'
[0.835s] DEBUG:colcon.colcon_core.verb:Building package 'zed_wrapper' with the following arguments: {'ament_cmake_args': None, 'build_base': '/home/epriauto/ros2_ws/camera/zed-camera-wrapper/build/zed_wrapper', 'catkin_cmake_args': None, 'catkin_skip_building_tests': False, 'cmake_args': ['-DCMAKE_BUILD_TYPE=Release'], 'cmake_clean_cache': False, 'cmake_clean_first': False, 'cmake_force_configure': False, 'cmake_target': None, 'cmake_target_skip_unavailable': False, 'install_base': '/home/epriauto/ros2_ws/camera/zed-camera-wrapper/install/zed_wrapper', 'merge_install': False, 'path': '/home/epriauto/ros2_ws/camera/zed-camera-wrapper/src/zed-ros2-wrapper/zed_wrapper', 'symlink_install': True, 'test_result_base': None}
[0.835s] Level 5:colcon.colcon_core.verb:set package 'zed_depth_to_laserscan' build argument 'cmake_args' from command line to '['-DCMAKE_BUILD_TYPE=Release']'
[0.836s] Level 5:colcon.colcon_core.verb:set package 'zed_depth_to_laserscan' build argument 'cmake_target' from command line to 'None'
[0.836s] Level 5:colcon.colcon_core.verb:set package 'zed_depth_to_laserscan' build argument 'cmake_target_skip_unavailable' from command line to 'False'
[0.836s] Level 5:colcon.colcon_core.verb:set package 'zed_depth_to_laserscan' build argument 'cmake_clean_cache' from command line to 'False'
[0.836s] Level 5:colcon.colcon_core.verb:set package 'zed_depth_to_laserscan' build argument 'cmake_clean_first' from command line to 'False'
[0.836s] Level 5:colcon.colcon_core.verb:set package 'zed_depth_to_laserscan' build argument 'cmake_force_configure' from command line to 'False'
[0.836s] Level 5:colcon.colcon_core.verb:set package 'zed_depth_to_laserscan' build argument 'ament_cmake_args' from command line to 'None'
[0.836s] Level 5:colcon.colcon_core.verb:set package 'zed_depth_to_laserscan' build argument 'catkin_cmake_args' from command line to 'None'
[0.836s] Level 5:colcon.colcon_core.verb:set package 'zed_depth_to_laserscan' build argument 'catkin_skip_building_tests' from command line to 'False'
[0.836s] DEBUG:colcon.colcon_core.verb:Building package 'zed_depth_to_laserscan' with the following arguments: {'ament_cmake_args': None, 'build_base': '/home/epriauto/ros2_ws/camera/zed-camera-wrapper/build/zed_depth_to_laserscan', 'catkin_cmake_args': None, 'catkin_skip_building_tests': False, 'cmake_args': ['-DCMAKE_BUILD_TYPE=Release'], 'cmake_clean_cache': False, 'cmake_clean_first': False, 'cmake_force_configure': False, 'cmake_target': None, 'cmake_target_skip_unavailable': False, 'install_base': '/home/epriauto/ros2_ws/camera/zed-camera-wrapper/install/zed_depth_to_laserscan', 'merge_install': False, 'path': '/home/epriauto/ros2_ws/camera/zed-camera-wrapper/src/zed-ros2-examples/examples/zed_depth_to_laserscan', 'symlink_install': True, 'test_result_base': None}
[0.836s] Level 5:colcon.colcon_core.verb:set package 'zed_display_rviz2' build argument 'cmake_args' from command line to '['-DCMAKE_BUILD_TYPE=Release']'
[0.837s] Level 5:colcon.colcon_core.verb:set package 'zed_display_rviz2' build argument 'cmake_target' from command line to 'None'
[0.837s] Level 5:colcon.colcon_core.verb:set package 'zed_display_rviz2' build argument 'cmake_target_skip_unavailable' from command line to 'False'
[0.837s] Level 5:colcon.colcon_core.verb:set package 'zed_display_rviz2' build argument 'cmake_clean_cache' from command line to 'False'
[0.837s] Level 5:colcon.colcon_core.verb:set package 'zed_display_rviz2' build argument 'cmake_clean_first' from command line to 'False'
[0.837s] Level 5:colcon.colcon_core.verb:set package 'zed_display_rviz2' build argument 'cmake_force_configure' from command line to 'False'
[0.837s] Level 5:colcon.colcon_core.verb:set package 'zed_display_rviz2' build argument 'ament_cmake_args' from command line to 'None'
[0.837s] Level 5:colcon.colcon_core.verb:set package 'zed_display_rviz2' build argument 'catkin_cmake_args' from command line to 'None'
[0.837s] Level 5:colcon.colcon_core.verb:set package 'zed_display_rviz2' build argument 'catkin_skip_building_tests' from command line to 'False'
[0.837s] DEBUG:colcon.colcon_core.verb:Building package 'zed_display_rviz2' with the following arguments: {'ament_cmake_args': None, 'build_base': '/home/epriauto/ros2_ws/camera/zed-camera-wrapper/build/zed_display_rviz2', 'catkin_cmake_args': None, 'catkin_skip_building_tests': False, 'cmake_args': ['-DCMAKE_BUILD_TYPE=Release'], 'cmake_clean_cache': False, 'cmake_clean_first': False, 'cmake_force_configure': False, 'cmake_target': None, 'cmake_target_skip_unavailable': False, 'install_base': '/home/epriauto/ros2_ws/camera/zed-camera-wrapper/install/zed_display_rviz2', 'merge_install': False, 'path': '/home/epriauto/ros2_ws/camera/zed-camera-wrapper/src/zed-ros2-examples/zed_display_rviz2', 'symlink_install': True, 'test_result_base': None}
[0.838s] Level 5:colcon.colcon_core.verb:set package 'zed_multi_camera' build argument 'cmake_args' from command line to '['-DCMAKE_BUILD_TYPE=Release']'
[0.838s] Level 5:colcon.colcon_core.verb:set package 'zed_multi_camera' build argument 'cmake_target' from command line to 'None'
[0.838s] Level 5:colcon.colcon_core.verb:set package 'zed_multi_camera' build argument 'cmake_target_skip_unavailable' from command line to 'False'
[0.838s] Level 5:colcon.colcon_core.verb:set package 'zed_multi_camera' build argument 'cmake_clean_cache' from command line to 'False'
[0.838s] Level 5:colcon.colcon_core.verb:set package 'zed_multi_camera' build argument 'cmake_clean_first' from command line to 'False'
[0.838s] Level 5:colcon.colcon_core.verb:set package 'zed_multi_camera' build argument 'cmake_force_configure' from command line to 'False'
[0.838s] Level 5:colcon.colcon_core.verb:set package 'zed_multi_camera' build argument 'ament_cmake_args' from command line to 'None'
[0.838s] Level 5:colcon.colcon_core.verb:set package 'zed_multi_camera' build argument 'catkin_cmake_args' from command line to 'None'
[0.838s] Level 5:colcon.colcon_core.verb:set package 'zed_multi_camera' build argument 'catkin_skip_building_tests' from command line to 'False'
[0.838s] DEBUG:colcon.colcon_core.verb:Building package 'zed_multi_camera' with the following arguments: {'ament_cmake_args': None, 'build_base': '/home/epriauto/ros2_ws/camera/zed-camera-wrapper/build/zed_multi_camera', 'catkin_cmake_args': None, 'catkin_skip_building_tests': False, 'cmake_args': ['-DCMAKE_BUILD_TYPE=Release'], 'cmake_clean_cache': False, 'cmake_clean_first': False, 'cmake_force_configure': False, 'cmake_target': None, 'cmake_target_skip_unavailable': False, 'install_base': '/home/epriauto/ros2_ws/camera/zed-camera-wrapper/install/zed_multi_camera', 'merge_install': False, 'path': '/home/epriauto/ros2_ws/camera/zed-camera-wrapper/src/zed-ros2-examples/tutorials/zed_multi_camera', 'symlink_install': True, 'test_result_base': None}
[0.839s] Level 5:colcon.colcon_core.verb:set package 'zed_robot_integration' build argument 'cmake_args' from command line to '['-DCMAKE_BUILD_TYPE=Release']'
[0.839s] Level 5:colcon.colcon_core.verb:set package 'zed_robot_integration' build argument 'cmake_target' from command line to 'None'
[0.839s] Level 5:colcon.colcon_core.verb:set package 'zed_robot_integration' build argument 'cmake_target_skip_unavailable' from command line to 'False'
[0.839s] Level 5:colcon.colcon_core.verb:set package 'zed_robot_integration' build argument 'cmake_clean_cache' from command line to 'False'
[0.839s] Level 5:colcon.colcon_core.verb:set package 'zed_robot_integration' build argument 'cmake_clean_first' from command line to 'False'
[0.839s] Level 5:colcon.colcon_core.verb:set package 'zed_robot_integration' build argument 'cmake_force_configure' from command line to 'False'
[0.839s] Level 5:colcon.colcon_core.verb:set package 'zed_robot_integration' build argument 'ament_cmake_args' from command line to 'None'
[0.839s] Level 5:colcon.colcon_core.verb:set package 'zed_robot_integration' build argument 'catkin_cmake_args' from command line to 'None'
[0.839s] Level 5:colcon.colcon_core.verb:set package 'zed_robot_integration' build argument 'catkin_skip_building_tests' from command line to 'False'
[0.839s] DEBUG:colcon.colcon_core.verb:Building package 'zed_robot_integration' with the following arguments: {'ament_cmake_args': None, 'build_base': '/home/epriauto/ros2_ws/camera/zed-camera-wrapper/build/zed_robot_integration', 'catkin_cmake_args': None, 'catkin_skip_building_tests': False, 'cmake_args': ['-DCMAKE_BUILD_TYPE=Release'], 'cmake_clean_cache': False, 'cmake_clean_first': False, 'cmake_force_configure': False, 'cmake_target': None, 'cmake_target_skip_unavailable': False, 'install_base': '/home/epriauto/ros2_ws/camera/zed-camera-wrapper/install/zed_robot_integration', 'merge_install': False, 'path': '/home/epriauto/ros2_ws/camera/zed-camera-wrapper/src/zed-ros2-examples/tutorials/zed_robot_integration', 'symlink_install': True, 'test_result_base': None}
[0.840s] Level 5:colcon.colcon_core.verb:set package 'zed_ros2' build argument 'cmake_args' from command line to '['-DCMAKE_BUILD_TYPE=Release']'
[0.840s] Level 5:colcon.colcon_core.verb:set package 'zed_ros2' build argument 'cmake_target' from command line to 'None'
[0.840s] Level 5:colcon.colcon_core.verb:set package 'zed_ros2' build argument 'cmake_target_skip_unavailable' from command line to 'False'
[0.840s] Level 5:colcon.colcon_core.verb:set package 'zed_ros2' build argument 'cmake_clean_cache' from command line to 'False'
[0.840s] Level 5:colcon.colcon_core.verb:set package 'zed_ros2' build argument 'cmake_clean_first' from command line to 'False'
[0.840s] Level 5:colcon.colcon_core.verb:set package 'zed_ros2' build argument 'cmake_force_configure' from command line to 'False'
[0.840s] Level 5:colcon.colcon_core.verb:set package 'zed_ros2' build argument 'ament_cmake_args' from command line to 'None'
[0.840s] Level 5:colcon.colcon_core.verb:set package 'zed_ros2' build argument 'catkin_cmake_args' from command line to 'None'
[0.840s] Level 5:colcon.colcon_core.verb:set package 'zed_ros2' build argument 'catkin_skip_building_tests' from command line to 'False'
[0.840s] DEBUG:colcon.colcon_core.verb:Building package 'zed_ros2' with the following arguments: {'ament_cmake_args': None, 'build_base': '/home/epriauto/ros2_ws/camera/zed-camera-wrapper/build/zed_ros2', 'catkin_cmake_args': None, 'catkin_skip_building_tests': False, 'cmake_args': ['-DCMAKE_BUILD_TYPE=Release'], 'cmake_clean_cache': False, 'cmake_clean_first': False, 'cmake_force_configure': False, 'cmake_target': None, 'cmake_target_skip_unavailable': False, 'install_base': '/home/epriauto/ros2_ws/camera/zed-camera-wrapper/install/zed_ros2', 'merge_install': False, 'path': '/home/epriauto/ros2_ws/camera/zed-camera-wrapper/src/zed-ros2-wrapper/zed_ros2', 'symlink_install': True, 'test_result_base': None}
[0.841s] Level 5:colcon.colcon_core.verb:set package 'zed_topic_benchmark' build argument 'cmake_args' from command line to '['-DCMAKE_BUILD_TYPE=Release']'
[0.841s] Level 5:colcon.colcon_core.verb:set package 'zed_topic_benchmark' build argument 'cmake_target' from command line to 'None'
[0.841s] Level 5:colcon.colcon_core.verb:set package 'zed_topic_benchmark' build argument 'cmake_target_skip_unavailable' from command line to 'False'
[0.841s] Level 5:colcon.colcon_core.verb:set package 'zed_topic_benchmark' build argument 'cmake_clean_cache' from command line to 'False'
[0.841s] Level 5:colcon.colcon_core.verb:set package 'zed_topic_benchmark' build argument 'cmake_clean_first' from command line to 'False'
[0.841s] Level 5:colcon.colcon_core.verb:set package 'zed_topic_benchmark' build argument 'cmake_force_configure' from command line to 'False'
[0.841s] Level 5:colcon.colcon_core.verb:set package 'zed_topic_benchmark' build argument 'ament_cmake_args' from command line to 'None'
[0.841s] Level 5:colcon.colcon_core.verb:set package 'zed_topic_benchmark' build argument 'catkin_cmake_args' from command line to 'None'
[0.841s] Level 5:colcon.colcon_core.verb:set package 'zed_topic_benchmark' build argument 'catkin_skip_building_tests' from command line to 'False'
[0.841s] DEBUG:colcon.colcon_core.verb:Building package 'zed_topic_benchmark' with the following arguments: {'ament_cmake_args': None, 'build_base': '/home/epriauto/ros2_ws/camera/zed-camera-wrapper/build/zed_topic_benchmark', 'catkin_cmake_args': None, 'catkin_skip_building_tests': False, 'cmake_args': ['-DCMAKE_BUILD_TYPE=Release'], 'cmake_clean_cache': False, 'cmake_clean_first': False, 'cmake_force_configure': False, 'cmake_target': None, 'cmake_target_skip_unavailable': False, 'install_base': '/home/epriauto/ros2_ws/camera/zed-camera-wrapper/install/zed_topic_benchmark', 'merge_install': False, 'path': '/home/epriauto/ros2_ws/camera/zed-camera-wrapper/src/zed-ros2-examples/tools/zed_benchmark', 'symlink_install': True, 'test_result_base': None}
[0.842s] Level 5:colcon.colcon_core.verb:set package 'zed_ipc' build argument 'cmake_args' from command line to '['-DCMAKE_BUILD_TYPE=Release']'
[0.842s] Level 5:colcon.colcon_core.verb:set package 'zed_ipc' build argument 'cmake_target' from command line to 'None'
[0.842s] Level 5:colcon.colcon_core.verb:set package 'zed_ipc' build argument 'cmake_target_skip_unavailable' from command line to 'False'
[0.842s] Level 5:colcon.colcon_core.verb:set package 'zed_ipc' build argument 'cmake_clean_cache' from command line to 'False'
[0.842s] Level 5:colcon.colcon_core.verb:set package 'zed_ipc' build argument 'cmake_clean_first' from command line to 'False'
[0.842s] Level 5:colcon.colcon_core.verb:set package 'zed_ipc' build argument 'cmake_force_configure' from command line to 'False'
[0.842s] Level 5:colcon.colcon_core.verb:set package 'zed_ipc' build argument 'ament_cmake_args' from command line to 'None'
[0.842s] Level 5:colcon.colcon_core.verb:set package 'zed_ipc' build argument 'catkin_cmake_args' from command line to 'None'
[0.842s] Level 5:colcon.colcon_core.verb:set package 'zed_ipc' build argument 'catkin_skip_building_tests' from command line to 'False'
[0.842s] DEBUG:colcon.colcon_core.verb:Building package 'zed_ipc' with the following arguments: {'ament_cmake_args': None, 'build_base': '/home/epriauto/ros2_ws/camera/zed-camera-wrapper/build/zed_ipc', 'catkin_cmake_args': None, 'catkin_skip_building_tests': False, 'cmake_args': ['-DCMAKE_BUILD_TYPE=Release'], 'cmake_clean_cache': False, 'cmake_clean_first': False, 'cmake_force_configure': False, 'cmake_target': None, 'cmake_target_skip_unavailable': False, 'install_base': '/home/epriauto/ros2_ws/camera/zed-camera-wrapper/install/zed_ipc', 'merge_install': False, 'path': '/home/epriauto/ros2_ws/camera/zed-camera-wrapper/src/zed-ros2-examples/tutorials/zed_ipc', 'symlink_install': True, 'test_result_base': None}
[0.842s] INFO:colcon.colcon_core.executor:Executing jobs using 'parallel' executor
[0.845s] DEBUG:colcon.colcon_parallel_executor.executor.parallel:run_until_complete
[0.845s] INFO:colcon.colcon_ros.task.ament_cmake.build:Building ROS package in '/home/epriauto/ros2_ws/camera/zed-camera-wrapper/src/zed-ros2-wrapper/zed_components' with build type 'ament_cmake'
[0.846s] INFO:colcon.colcon_cmake.task.cmake.build:Building CMake package in '/home/epriauto/ros2_ws/camera/zed-camera-wrapper/src/zed-ros2-wrapper/zed_components'
[0.851s] INFO:colcon.colcon_core.plugin_system:Skipping extension 'colcon_core.shell.bat': Not used on non-Windows systems
[0.851s] INFO:colcon.colcon_core.shell:Skip shell extension 'powershell' for command environment: Not usable outside of PowerShell
[0.852s] DEBUG:colcon.colcon_core.shell:Skip shell extension 'dsv' for command environment
[0.859s] INFO:colcon.colcon_ros.task.ament_cmake.build:Building ROS package in '/home/epriauto/ros2_ws/camera/zed-camera-wrapper/src/zed-ros2-examples/tools/zed_benchmark_interfaces' with build type 'ament_cmake'
[0.859s] INFO:colcon.colcon_cmake.task.cmake.build:Building CMake package in '/home/epriauto/ros2_ws/camera/zed-camera-wrapper/src/zed-ros2-examples/tools/zed_benchmark_interfaces'
[0.860s] INFO:colcon.colcon_core.shell:Skip shell extension 'powershell' for command environment: Not usable outside of PowerShell
[0.860s] DEBUG:colcon.colcon_core.shell:Skip shell extension 'dsv' for command environment
[0.867s] INFO:colcon.colcon_ros.task.ament_cmake.build:Building ROS package in '/home/epriauto/ros2_ws/camera/zed-camera-wrapper/src/zed-ros2-examples/rviz-plugin-zed-od' with build type 'ament_cmake'
[0.868s] INFO:colcon.colcon_cmake.task.cmake.build:Building CMake package in '/home/epriauto/ros2_ws/camera/zed-camera-wrapper/src/zed-ros2-examples/rviz-plugin-zed-od'
[0.868s] INFO:colcon.colcon_core.shell:Skip shell extension 'powershell' for command environment: Not usable outside of PowerShell
[0.868s] DEBUG:colcon.colcon_core.shell:Skip shell extension 'dsv' for command environment
[0.876s] INFO:colcon.colcon_ros.task.ament_cmake.build:Building ROS package in '/home/epriauto/ros2_ws/camera/zed-camera-wrapper/src/zed-ros2-examples/tutorials/zed_depth_tutorial' with build type 'ament_cmake'
[0.876s] INFO:colcon.colcon_cmake.task.cmake.build:Building CMake package in '/home/epriauto/ros2_ws/camera/zed-camera-wrapper/src/zed-ros2-examples/tutorials/zed_depth_tutorial'
[0.877s] INFO:colcon.colcon_core.shell:Skip shell extension 'powershell' for command environment: Not usable outside of PowerShell
[0.877s] DEBUG:colcon.colcon_core.shell:Skip shell extension 'dsv' for command environment
[0.883s] INFO:colcon.colcon_ros.task.ament_cmake.build:Building ROS package in '/home/epriauto/ros2_ws/camera/zed-camera-wrapper/src/zed-ros2-examples/tutorials/zed_pose_tutorial' with build type 'ament_cmake'
[0.883s] INFO:colcon.colcon_cmake.task.cmake.build:Building CMake package in '/home/epriauto/ros2_ws/camera/zed-camera-wrapper/src/zed-ros2-examples/tutorials/zed_pose_tutorial'
[0.884s] INFO:colcon.colcon_core.shell:Skip shell extension 'powershell' for command environment: Not usable outside of PowerShell
[0.884s] DEBUG:colcon.colcon_core.shell:Skip shell extension 'dsv' for command environment
[0.891s] INFO:colcon.colcon_ros.task.ament_cmake.build:Building ROS package in '/home/epriauto/ros2_ws/camera/zed-camera-wrapper/src/zed-ros2-examples/tutorials/zed_video_tutorial' with build type 'ament_cmake'
[0.891s] INFO:colcon.colcon_cmake.task.cmake.build:Building CMake package in '/home/epriauto/ros2_ws/camera/zed-camera-wrapper/src/zed-ros2-examples/tutorials/zed_video_tutorial'
[0.892s] INFO:colcon.colcon_core.shell:Skip shell extension 'powershell' for command environment: Not usable outside of PowerShell
[0.893s] DEBUG:colcon.colcon_core.shell:Skip shell extension 'dsv' for command environment
[0.923s] DEBUG:colcon.colcon_core.event_handler.log_command:Invoking command in '/home/epriauto/ros2_ws/camera/zed-camera-wrapper/build/zed_components': CMAKE_PREFIX_PATH=${CMAKE_PREFIX_PATH}:/opt/ros/humble /usr/bin/cmake --build /home/epriauto/ros2_ws/camera/zed-camera-wrapper/build/zed_components -- -j6 -l6
[0.927s] DEBUG:colcon.colcon_core.event_handler.log_command:Invoking command in '/home/epriauto/ros2_ws/camera/zed-camera-wrapper/build/zed_topic_benchmark_interfaces': CMAKE_PREFIX_PATH=${CMAKE_PREFIX_PATH}:/opt/ros/humble /usr/bin/cmake /home/epriauto/ros2_ws/camera/zed-camera-wrapper/src/zed-ros2-examples/tools/zed_benchmark_interfaces -DCMAKE_BUILD_TYPE=Release -DAMENT_CMAKE_SYMLINK_INSTALL=1 -DCMAKE_INSTALL_PREFIX=/home/epriauto/ros2_ws/camera/zed-camera-wrapper/install/zed_topic_benchmark_interfaces
[0.932s] DEBUG:colcon.colcon_core.event_handler.log_command:Invoking command in '/home/epriauto/ros2_ws/camera/zed-camera-wrapper/build/rviz_plugin_zed_od': CMAKE_PREFIX_PATH=${CMAKE_PREFIX_PATH}:/opt/ros/humble /usr/bin/cmake /home/epriauto/ros2_ws/camera/zed-camera-wrapper/src/zed-ros2-examples/rviz-plugin-zed-od -DCMAKE_BUILD_TYPE=Release -DAMENT_CMAKE_SYMLINK_INSTALL=1 -DCMAKE_INSTALL_PREFIX=/home/epriauto/ros2_ws/camera/zed-camera-wrapper/install/rviz_plugin_zed_od
[0.936s] DEBUG:colcon.colcon_core.event_handler.log_command:Invoking command in '/home/epriauto/ros2_ws/camera/zed-camera-wrapper/build/zed_tutorial_depth': CMAKE_PREFIX_PATH=${CMAKE_PREFIX_PATH}:/opt/ros/humble /usr/bin/cmake /home/epriauto/ros2_ws/camera/zed-camera-wrapper/src/zed-ros2-examples/tutorials/zed_depth_tutorial -DCMAKE_BUILD_TYPE=Release -DAMENT_CMAKE_SYMLINK_INSTALL=1 -DCMAKE_INSTALL_PREFIX=/home/epriauto/ros2_ws/camera/zed-camera-wrapper/install/zed_tutorial_depth
[0.947s] DEBUG:colcon.colcon_core.event_handler.log_command:Invoking command in '/home/epriauto/ros2_ws/camera/zed-camera-wrapper/build/zed_tutorial_pos_tracking': CMAKE_PREFIX_PATH=${CMAKE_PREFIX_PATH}:/opt/ros/humble /usr/bin/cmake /home/epriauto/ros2_ws/camera/zed-camera-wrapper/src/zed-ros2-examples/tutorials/zed_pose_tutorial -DCMAKE_BUILD_TYPE=Release -DAMENT_CMAKE_SYMLINK_INSTALL=1 -DCMAKE_INSTALL_PREFIX=/home/epriauto/ros2_ws/camera/zed-camera-wrapper/install/zed_tutorial_pos_tracking
[0.961s] DEBUG:colcon.colcon_core.event_handler.log_command:Invoking command in '/home/epriauto/ros2_ws/camera/zed-camera-wrapper/build/zed_tutorial_video': CMAKE_PREFIX_PATH=${CMAKE_PREFIX_PATH}:/opt/ros/humble /usr/bin/cmake /home/epriauto/ros2_ws/camera/zed-camera-wrapper/src/zed-ros2-examples/tutorials/zed_video_tutorial -DCMAKE_BUILD_TYPE=Release -DAMENT_CMAKE_SYMLINK_INSTALL=1 -DCMAKE_INSTALL_PREFIX=/home/epriauto/ros2_ws/camera/zed-camera-wrapper/install/zed_tutorial_video
[1.165s] DEBUG:colcon.colcon_core.event_handler.log_command:Invoked command in '/home/epriauto/ros2_ws/camera/zed-camera-wrapper/build/zed_components' returned '0': CMAKE_PREFIX_PATH=${CMAKE_PREFIX_PATH}:/opt/ros/humble /usr/bin/cmake --build /home/epriauto/ros2_ws/camera/zed-camera-wrapper/build/zed_components -- -j6 -l6
[1.186s] DEBUG:colcon.colcon_core.event_handler.log_command:Invoking command in '/home/epriauto/ros2_ws/camera/zed-camera-wrapper/build/zed_components': CMAKE_PREFIX_PATH=${CMAKE_PREFIX_PATH}:/opt/ros/humble /usr/bin/cmake --install /home/epriauto/ros2_ws/camera/zed-camera-wrapper/build/zed_components
[3.683s] DEBUG:colcon.colcon_core.event_handler.log_command:Invoked command in '/home/epriauto/ros2_ws/camera/zed-camera-wrapper/build/zed_tutorial_depth' returned '0': CMAKE_PREFIX_PATH=${CMAKE_PREFIX_PATH}:/opt/ros/humble /usr/bin/cmake /home/epriauto/ros2_ws/camera/zed-camera-wrapper/src/zed-ros2-examples/tutorials/zed_depth_tutorial -DCMAKE_BUILD_TYPE=Release -DAMENT_CMAKE_SYMLINK_INSTALL=1 -DCMAKE_INSTALL_PREFIX=/home/epriauto/ros2_ws/camera/zed-camera-wrapper/install/zed_tutorial_depth
[3.684s] DEBUG:colcon.colcon_core.event_handler.log_command:Invoking command in '/home/epriauto/ros2_ws/camera/zed-camera-wrapper/build/zed_tutorial_depth': CMAKE_PREFIX_PATH=${CMAKE_PREFIX_PATH}:/opt/ros/humble /usr/bin/cmake --build /home/epriauto/ros2_ws/camera/zed-camera-wrapper/build/zed_tutorial_depth -- -j6 -l6
[3.691s] Level 1:colcon.colcon_core.environment:create_environment_scripts_only(zed_components)
[3.698s] Level 1:colcon.colcon_core.environment:checking '/home/epriauto/ros2_ws/camera/zed-camera-wrapper/install/zed_components' for CMake module files
[3.702s] Level 1:colcon.colcon_core.environment:checking '/home/epriauto/ros2_ws/camera/zed-camera-wrapper/install/zed_components' for CMake config files
[3.702s] Level 1:colcon.colcon_core.shell:create_environment_hook('zed_components', 'cmake_prefix_path')
[3.703s] INFO:colcon.colcon_core.shell:Creating environment hook '/home/epriauto/ros2_ws/camera/zed-camera-wrapper/install/zed_components/share/zed_components/hook/cmake_prefix_path.ps1'
[3.700s] DEBUG:colcon.colcon_core.event_handler.log_command:Invoked command in '/home/epriauto/ros2_ws/camera/zed-camera-wrapper/build/zed_components' returned '0': CMAKE_PREFIX_PATH=${CMAKE_PREFIX_PATH}:/opt/ros/humble /usr/bin/cmake --install /home/epriauto/ros2_ws/camera/zed-camera-wrapper/build/zed_components
[3.707s] INFO:colcon.colcon_core.shell:Creating environment descriptor '/home/epriauto/ros2_ws/camera/zed-camera-wrapper/install/zed_components/share/zed_components/hook/cmake_prefix_path.dsv'
[3.708s] INFO:colcon.colcon_core.shell:Creating environment hook '/home/epriauto/ros2_ws/camera/zed-camera-wrapper/install/zed_components/share/zed_components/hook/cmake_prefix_path.sh'
[3.712s] Level 1:colcon.colcon_core.environment:checking '/home/epriauto/ros2_ws/camera/zed-camera-wrapper/install/zed_components/lib'
[3.712s] Level 1:colcon.colcon_core.shell:create_environment_hook('zed_components', 'ld_library_path_lib')
[3.713s] INFO:colcon.colcon_core.shell:Creating environment hook '/home/epriauto/ros2_ws/camera/zed-camera-wrapper/install/zed_components/share/zed_components/hook/ld_library_path_lib.ps1'
[3.714s] INFO:colcon.colcon_core.shell:Creating environment descriptor '/home/epriauto/ros2_ws/camera/zed-camera-wrapper/install/zed_components/share/zed_components/hook/ld_library_path_lib.dsv'
[3.715s] INFO:colcon.colcon_core.shell:Creating environment hook '/home/epriauto/ros2_ws/camera/zed-camera-wrapper/install/zed_components/share/zed_components/hook/ld_library_path_lib.sh'
[3.716s] Level 1:colcon.colcon_core.environment:checking '/home/epriauto/ros2_ws/camera/zed-camera-wrapper/install/zed_components/bin'
[3.716s] Level 1:colcon.colcon_core.environment:checking '/home/epriauto/ros2_ws/camera/zed-camera-wrapper/install/zed_components/lib/pkgconfig/zed_components.pc'
[3.716s] Level 1:colcon.colcon_core.environment:checking '/home/epriauto/ros2_ws/camera/zed-camera-wrapper/install/zed_components/lib/python3.10/site-packages'
[3.717s] Level 1:colcon.colcon_core.environment:checking '/home/epriauto/ros2_ws/camera/zed-camera-wrapper/install/zed_components/bin'
[3.718s] INFO:colcon.colcon_core.shell:Creating package script '/home/epriauto/ros2_ws/camera/zed-camera-wrapper/install/zed_components/share/zed_components/package.ps1'
[3.720s] INFO:colcon.colcon_core.shell:Creating package descriptor '/home/epriauto/ros2_ws/camera/zed-camera-wrapper/install/zed_components/share/zed_components/package.dsv'
[3.721s] INFO:colcon.colcon_core.shell:Creating package script '/home/epriauto/ros2_ws/camera/zed-camera-wrapper/install/zed_components/share/zed_components/package.sh'
[3.722s] INFO:colcon.colcon_core.shell:Creating package script '/home/epriauto/ros2_ws/camera/zed-camera-wrapper/install/zed_components/share/zed_components/package.bash'
[3.724s] INFO:colcon.colcon_core.shell:Creating package script '/home/epriauto/ros2_ws/camera/zed-camera-wrapper/install/zed_components/share/zed_components/package.zsh'
[3.728s] Level 1:colcon.colcon_core.environment:create_file_with_runtime_dependencies(/home/epriauto/ros2_ws/camera/zed-camera-wrapper/install/zed_components/share/colcon-core/packages/zed_components)
[3.730s] Level 1:colcon.colcon_core.environment:create_environment_scripts_only(zed_components)
[3.730s] Level 1:colcon.colcon_core.environment:checking '/home/epriauto/ros2_ws/camera/zed-camera-wrapper/install/zed_components' for CMake module files
[3.731s] Level 1:colcon.colcon_core.environment:checking '/home/epriauto/ros2_ws/camera/zed-camera-wrapper/install/zed_components' for CMake config files
[3.735s] Level 1:colcon.colcon_core.shell:create_environment_hook('zed_components', 'cmake_prefix_path')
[3.736s] INFO:colcon.colcon_core.shell:Creating environment hook '/home/epriauto/ros2_ws/camera/zed-camera-wrapper/install/zed_components/share/zed_components/hook/cmake_prefix_path.ps1'
[3.738s] INFO:colcon.colcon_core.shell:Creating environment descriptor '/home/epriauto/ros2_ws/camera/zed-camera-wrapper/install/zed_components/share/zed_components/hook/cmake_prefix_path.dsv'
[3.739s] INFO:colcon.colcon_core.shell:Creating environment hook '/home/epriauto/ros2_ws/camera/zed-camera-wrapper/install/zed_components/share/zed_components/hook/cmake_prefix_path.sh'
[3.740s] Level 1:colcon.colcon_core.environment:checking '/home/epriauto/ros2_ws/camera/zed-camera-wrapper/install/zed_components/lib'
[3.740s] Level 1:colcon.colcon_core.shell:create_environment_hook('zed_components', 'ld_library_path_lib')
[3.741s] INFO:colcon.colcon_core.shell:Creating environment hook '/home/epriauto/ros2_ws/camera/zed-camera-wrapper/install/zed_components/share/zed_components/hook/ld_library_path_lib.ps1'
[3.742s] INFO:colcon.colcon_core.shell:Creating environment descriptor '/home/epriauto/ros2_ws/camera/zed-camera-wrapper/install/zed_components/share/zed_components/hook/ld_library_path_lib.dsv'
[3.742s] INFO:colcon.colcon_core.shell:Creating environment hook '/home/epriauto/ros2_ws/camera/zed-camera-wrapper/install/zed_components/share/zed_components/hook/ld_library_path_lib.sh'
[3.743s] Level 1:colcon.colcon_core.environment:checking '/home/epriauto/ros2_ws/camera/zed-camera-wrapper/install/zed_components/bin'
[3.743s] Level 1:colcon.colcon_core.environment:checking '/home/epriauto/ros2_ws/camera/zed-camera-wrapper/install/zed_components/lib/pkgconfig/zed_components.pc'
[3.744s] Level 1:colcon.colcon_core.environment:checking '/home/epriauto/ros2_ws/camera/zed-camera-wrapper/install/zed_components/lib/python3.10/site-packages'
[3.744s] Level 1:colcon.colcon_core.environment:checking '/home/epriauto/ros2_ws/camera/zed-camera-wrapper/install/zed_components/bin'
[3.745s] INFO:colcon.colcon_core.shell:Creating package script '/home/epriauto/ros2_ws/camera/zed-camera-wrapper/install/zed_components/share/zed_components/package.ps1'
[3.746s] INFO:colcon.colcon_core.shell:Creating package descriptor '/home/epriauto/ros2_ws/camera/zed-camera-wrapper/install/zed_components/share/zed_components/package.dsv'
[3.747s] INFO:colcon.colcon_core.shell:Creating package script '/home/epriauto/ros2_ws/camera/zed-camera-wrapper/install/zed_components/share/zed_components/package.sh'
[3.748s] INFO:colcon.colcon_core.shell:Creating package script '/home/epriauto/ros2_ws/camera/zed-camera-wrapper/install/zed_components/share/zed_components/package.bash'
[3.749s] INFO:colcon.colcon_core.shell:Creating package script '/home/epriauto/ros2_ws/camera/zed-camera-wrapper/install/zed_components/share/zed_components/package.zsh'
[3.750s] Level 1:colcon.colcon_core.environment:create_file_with_runtime_dependencies(/home/epriauto/ros2_ws/camera/zed-camera-wrapper/install/zed_components/share/colcon-core/packages/zed_components)
[3.755s] INFO:colcon.colcon_ros.task.ament_cmake.build:Building ROS package in '/home/epriauto/ros2_ws/camera/zed-camera-wrapper/src/zed-ros2-wrapper/zed_wrapper' with build type 'ament_cmake'
[3.756s] INFO:colcon.colcon_cmake.task.cmake.build:Building CMake package in '/home/epriauto/ros2_ws/camera/zed-camera-wrapper/src/zed-ros2-wrapper/zed_wrapper'
[3.757s] INFO:colcon.colcon_core.shell:Skip shell extension 'powershell' for command environment: Not usable outside of PowerShell
[3.757s] DEBUG:colcon.colcon_core.shell:Skip shell extension 'dsv' for command environment
[3.774s] DEBUG:colcon.colcon_core.event_handler.log_command:Invoked command in '/home/epriauto/ros2_ws/camera/zed-camera-wrapper/build/zed_tutorial_video' returned '0': CMAKE_PREFIX_PATH=${CMAKE_PREFIX_PATH}:/opt/ros/humble /usr/bin/cmake /home/epriauto/ros2_ws/camera/zed-camera-wrapper/src/zed-ros2-examples/tutorials/zed_video_tutorial -DCMAKE_BUILD_TYPE=Release -DAMENT_CMAKE_SYMLINK_INSTALL=1 -DCMAKE_INSTALL_PREFIX=/home/epriauto/ros2_ws/camera/zed-camera-wrapper/install/zed_tutorial_video
[3.791s] DEBUG:colcon.colcon_core.event_handler.log_command:Invoking command in '/home/epriauto/ros2_ws/camera/zed-camera-wrapper/build/zed_tutorial_video': CMAKE_PREFIX_PATH=${CMAKE_PREFIX_PATH}:/opt/ros/humble /usr/bin/cmake --build /home/epriauto/ros2_ws/camera/zed-camera-wrapper/build/zed_tutorial_video -- -j6 -l6
[3.809s] DEBUG:colcon.colcon_core.event_handler.log_command:Invoking command in '/home/epriauto/ros2_ws/camera/zed-camera-wrapper/build/zed_wrapper': CMAKE_PREFIX_PATH=/home/epriauto/ros2_ws/camera/zed-camera-wrapper/install/zed_components:/home/epriauto/ros2_ws/camera/zed-camera-wrapper/install/zed_ros2:/home/epriauto/ros2_ws/camera/zed-camera-wrapper/install/zed_wrapper:/opt/ros/humble /usr/bin/cmake --build /home/epriauto/ros2_ws/camera/zed-camera-wrapper/build/zed_wrapper -- -j6 -l6
[3.971s] DEBUG:colcon.colcon_core.event_handler.log_command:Invoked command in '/home/epriauto/ros2_ws/camera/zed-camera-wrapper/build/zed_tutorial_pos_tracking' returned '0': CMAKE_PREFIX_PATH=${CMAKE_PREFIX_PATH}:/opt/ros/humble /usr/bin/cmake /home/epriauto/ros2_ws/camera/zed-camera-wrapper/src/zed-ros2-examples/tutorials/zed_pose_tutorial -DCMAKE_BUILD_TYPE=Release -DAMENT_CMAKE_SYMLINK_INSTALL=1 -DCMAKE_INSTALL_PREFIX=/home/epriauto/ros2_ws/camera/zed-camera-wrapper/install/zed_tutorial_pos_tracking
[3.972s] DEBUG:colcon.colcon_core.event_handler.log_command:Invoking command in '/home/epriauto/ros2_ws/camera/zed-camera-wrapper/build/zed_tutorial_pos_tracking': CMAKE_PREFIX_PATH=${CMAKE_PREFIX_PATH}:/opt/ros/humble /usr/bin/cmake --build /home/epriauto/ros2_ws/camera/zed-camera-wrapper/build/zed_tutorial_pos_tracking -- -j6 -l6
[3.987s] DEBUG:colcon.colcon_core.event_handler.log_command:Invoked command in '/home/epriauto/ros2_ws/camera/zed-camera-wrapper/build/zed_wrapper' returned '0': CMAKE_PREFIX_PATH=/home/epriauto/ros2_ws/camera/zed-camera-wrapper/install/zed_components:/home/epriauto/ros2_ws/camera/zed-camera-wrapper/install/zed_ros2:/home/epriauto/ros2_ws/camera/zed-camera-wrapper/install/zed_wrapper:/opt/ros/humble /usr/bin/cmake --build /home/epriauto/ros2_ws/camera/zed-camera-wrapper/build/zed_wrapper -- -j6 -l6
[3.988s] DEBUG:colcon.colcon_core.event_handler.log_command:Invoking command in '/home/epriauto/ros2_ws/camera/zed-camera-wrapper/build/zed_wrapper': CMAKE_PREFIX_PATH=/home/epriauto/ros2_ws/camera/zed-camera-wrapper/install/zed_components:/home/epriauto/ros2_ws/camera/zed-camera-wrapper/install/zed_ros2:/home/epriauto/ros2_ws/camera/zed-camera-wrapper/install/zed_wrapper:/opt/ros/humble /usr/bin/cmake --install /home/epriauto/ros2_ws/camera/zed-camera-wrapper/build/zed_wrapper
[4.960s] DEBUG:colcon.colcon_core.event_handler.log_command:Invoked command in '/home/epriauto/ros2_ws/camera/zed-camera-wrapper/build/zed_topic_benchmark_interfaces' returned '0': CMAKE_PREFIX_PATH=${CMAKE_PREFIX_PATH}:/opt/ros/humble /usr/bin/cmake /home/epriauto/ros2_ws/camera/zed-camera-wrapper/src/zed-ros2-examples/tools/zed_benchmark_interfaces -DCMAKE_BUILD_TYPE=Release -DAMENT_CMAKE_SYMLINK_INSTALL=1 -DCMAKE_INSTALL_PREFIX=/home/epriauto/ros2_ws/camera/zed-camera-wrapper/install/zed_topic_benchmark_interfaces
[4.961s] DEBUG:colcon.colcon_core.event_handler.log_command:Invoking command in '/home/epriauto/ros2_ws/camera/zed-camera-wrapper/build/zed_topic_benchmark_interfaces': CMAKE_PREFIX_PATH=${CMAKE_PREFIX_PATH}:/opt/ros/humble /usr/bin/cmake --build /home/epriauto/ros2_ws/camera/zed-camera-wrapper/build/zed_topic_benchmark_interfaces -- -j6 -l6
[4.971s] Level 1:colcon.colcon_core.environment:create_environment_scripts_only(zed_wrapper)
[4.972s] Level 1:colcon.colcon_core.environment:checking '/home/epriauto/ros2_ws/camera/zed-camera-wrapper/install/zed_wrapper' for CMake module files
[4.973s] Level 1:colcon.colcon_core.environment:checking '/home/epriauto/ros2_ws/camera/zed-camera-wrapper/install/zed_wrapper' for CMake config files
[4.974s] DEBUG:colcon.colcon_core.event_handler.log_command:Invoked command in '/home/epriauto/ros2_ws/camera/zed-camera-wrapper/build/zed_wrapper' returned '0': CMAKE_PREFIX_PATH=/home/epriauto/ros2_ws/camera/zed-camera-wrapper/install/zed_components:/home/epriauto/ros2_ws/camera/zed-camera-wrapper/install/zed_ros2:/home/epriauto/ros2_ws/camera/zed-camera-wrapper/install/zed_wrapper:/opt/ros/humble /usr/bin/cmake --install /home/epriauto/ros2_ws/camera/zed-camera-wrapper/build/zed_wrapper
[4.975s] Level 1:colcon.colcon_core.shell:create_environment_hook('zed_wrapper', 'cmake_prefix_path')
[4.976s] INFO:colcon.colcon_core.shell:Creating environment hook '/home/epriauto/ros2_ws/camera/zed-camera-wrapper/install/zed_wrapper/share/zed_wrapper/hook/cmake_prefix_path.ps1'
[4.977s] INFO:colcon.colcon_core.shell:Creating environment descriptor '/home/epriauto/ros2_ws/camera/zed-camera-wrapper/install/zed_wrapper/share/zed_wrapper/hook/cmake_prefix_path.dsv'
[4.978s] INFO:colcon.colcon_core.shell:Creating environment hook '/home/epriauto/ros2_ws/camera/zed-camera-wrapper/install/zed_wrapper/share/zed_wrapper/hook/cmake_prefix_path.sh'
[4.979s] Level 1:colcon.colcon_core.environment:checking '/home/epriauto/ros2_ws/camera/zed-camera-wrapper/install/zed_wrapper/bin'
[4.979s] Level 1:colcon.colcon_core.environment:checking '/home/epriauto/ros2_ws/camera/zed-camera-wrapper/install/zed_wrapper/lib/pkgconfig/zed_wrapper.pc'
[4.980s] Level 1:colcon.colcon_core.environment:checking '/home/epriauto/ros2_ws/camera/zed-camera-wrapper/install/zed_wrapper/lib/python3.10/site-packages'
[4.980s] Level 1:colcon.colcon_core.environment:checking '/home/epriauto/ros2_ws/camera/zed-camera-wrapper/install/zed_wrapper/bin'
[4.981s] INFO:colcon.colcon_core.shell:Creating package script '/home/epriauto/ros2_ws/camera/zed-camera-wrapper/install/zed_wrapper/share/zed_wrapper/package.ps1'
[4.984s] INFO:colcon.colcon_core.shell:Creating package descriptor '/home/epriauto/ros2_ws/camera/zed-camera-wrapper/install/zed_wrapper/share/zed_wrapper/package.dsv'
[4.985s] INFO:colcon.colcon_core.shell:Creating package script '/home/epriauto/ros2_ws/camera/zed-camera-wrapper/install/zed_wrapper/share/zed_wrapper/package.sh'
[4.986s] INFO:colcon.colcon_core.shell:Creating package script '/home/epriauto/ros2_ws/camera/zed-camera-wrapper/install/zed_wrapper/share/zed_wrapper/package.bash'
[4.987s] INFO:colcon.colcon_core.shell:Creating package script '/home/epriauto/ros2_ws/camera/zed-camera-wrapper/install/zed_wrapper/share/zed_wrapper/package.zsh'
[4.987s] Level 1:colcon.colcon_core.environment:create_file_with_runtime_dependencies(/home/epriauto/ros2_ws/camera/zed-camera-wrapper/install/zed_wrapper/share/colcon-core/packages/zed_wrapper)
[4.989s] Level 1:colcon.colcon_core.environment:create_environment_scripts_only(zed_wrapper)
[4.989s] Level 1:colcon.colcon_core.environment:checking '/home/epriauto/ros2_ws/camera/zed-camera-wrapper/install/zed_wrapper' for CMake module files
[4.990s] Level 1:colcon.colcon_core.environment:checking '/home/epriauto/ros2_ws/camera/zed-camera-wrapper/install/zed_wrapper' for CMake config files
[4.991s] Level 1:colcon.colcon_core.shell:create_environment_hook('zed_wrapper', 'cmake_prefix_path')
[4.992s] INFO:colcon.colcon_core.shell:Creating environment hook '/home/epriauto/ros2_ws/camera/zed-camera-wrapper/install/zed_wrapper/share/zed_wrapper/hook/cmake_prefix_path.ps1'
[4.993s] INFO:colcon.colcon_core.shell:Creating environment descriptor '/home/epriauto/ros2_ws/camera/zed-camera-wrapper/install/zed_wrapper/share/zed_wrapper/hook/cmake_prefix_path.dsv'
[4.994s] INFO:colcon.colcon_core.shell:Creating environment hook '/home/epriauto/ros2_ws/camera/zed-camera-wrapper/install/zed_wrapper/share/zed_wrapper/hook/cmake_prefix_path.sh'
[5.002s] Level 1:colcon.colcon_core.environment:checking '/home/epriauto/ros2_ws/camera/zed-camera-wrapper/install/zed_wrapper/bin'
[5.003s] Level 1:colcon.colcon_core.environment:checking '/home/epriauto/ros2_ws/camera/zed-camera-wrapper/install/zed_wrapper/lib/pkgconfig/zed_wrapper.pc'
[5.003s] Level 1:colcon.colcon_core.environment:checking '/home/epriauto/ros2_ws/camera/zed-camera-wrapper/install/zed_wrapper/lib/python3.10/site-packages'
[5.004s] Level 1:colcon.colcon_core.environment:checking '/home/epriauto/ros2_ws/camera/zed-camera-wrapper/install/zed_wrapper/bin'
[5.005s] INFO:colcon.colcon_core.shell:Creating package script '/home/epriauto/ros2_ws/camera/zed-camera-wrapper/install/zed_wrapper/share/zed_wrapper/package.ps1'
[5.007s] INFO:colcon.colcon_core.shell:Creating package descriptor '/home/epriauto/ros2_ws/camera/zed-camera-wrapper/install/zed_wrapper/share/zed_wrapper/package.dsv'
[5.008s] INFO:colcon.colcon_core.shell:Creating package script '/home/epriauto/ros2_ws/camera/zed-camera-wrapper/install/zed_wrapper/share/zed_wrapper/package.sh'
[5.010s] INFO:colcon.colcon_core.shell:Creating package script '/home/epriauto/ros2_ws/camera/zed-camera-wrapper/install/zed_wrapper/share/zed_wrapper/package.bash'
[5.013s] INFO:colcon.colcon_core.shell:Creating package script '/home/epriauto/ros2_ws/camera/zed-camera-wrapper/install/zed_wrapper/share/zed_wrapper/package.zsh'
[5.015s] Level 1:colcon.colcon_core.environment:create_file_with_runtime_dependencies(/home/epriauto/ros2_ws/camera/zed-camera-wrapper/install/zed_wrapper/share/colcon-core/packages/zed_wrapper)
[5.017s] INFO:colcon.colcon_ros.task.ament_cmake.build:Building ROS package in '/home/epriauto/ros2_ws/camera/zed-camera-wrapper/src/zed-ros2-examples/tutorials/zed_multi_camera' with build type 'ament_cmake'
[5.018s] INFO:colcon.colcon_cmake.task.cmake.build:Building CMake package in '/home/epriauto/ros2_ws/camera/zed-camera-wrapper/src/zed-ros2-examples/tutorials/zed_multi_camera'
[5.019s] INFO:colcon.colcon_core.shell:Skip shell extension 'powershell' for command environment: Not usable outside of PowerShell
[5.019s] DEBUG:colcon.colcon_core.shell:Skip shell extension 'dsv' for command environment
[5.045s] DEBUG:colcon.colcon_core.event_handler.log_command:Invoking command in '/home/epriauto/ros2_ws/camera/zed-camera-wrapper/build/zed_multi_camera': CMAKE_PREFIX_PATH=/home/epriauto/ros2_ws/camera/zed-camera-wrapper/install/zed_wrapper:/home/epriauto/ros2_ws/camera/zed-camera-wrapper/install/zed_components:/home/epriauto/ros2_ws/camera/zed-camera-wrapper/install/zed_ros2:/opt/ros/humble /usr/bin/cmake /home/epriauto/ros2_ws/camera/zed-camera-wrapper/src/zed-ros2-examples/tutorials/zed_multi_camera -DCMAKE_BUILD_TYPE=Release -DAMENT_CMAKE_SYMLINK_INSTALL=1 -DCMAKE_INSTALL_PREFIX=/home/epriauto/ros2_ws/camera/zed-camera-wrapper/install/zed_multi_camera
[6.662s] DEBUG:colcon.colcon_core.event_handler.log_command:Invoked command in '/home/epriauto/ros2_ws/camera/zed-camera-wrapper/build/rviz_plugin_zed_od' returned '0': CMAKE_PREFIX_PATH=${CMAKE_PREFIX_PATH}:/opt/ros/humble /usr/bin/cmake /home/epriauto/ros2_ws/camera/zed-camera-wrapper/src/zed-ros2-examples/rviz-plugin-zed-od -DCMAKE_BUILD_TYPE=Release -DAMENT_CMAKE_SYMLINK_INSTALL=1 -DCMAKE_INSTALL_PREFIX=/home/epriauto/ros2_ws/camera/zed-camera-wrapper/install/rviz_plugin_zed_od
[6.666s] DEBUG:colcon.colcon_core.event_handler.log_command:Invoking command in '/home/epriauto/ros2_ws/camera/zed-camera-wrapper/build/rviz_plugin_zed_od': CMAKE_PREFIX_PATH=${CMAKE_PREFIX_PATH}:/opt/ros/humble /usr/bin/cmake --build /home/epriauto/ros2_ws/camera/zed-camera-wrapper/build/rviz_plugin_zed_od -- -j6 -l6
[8.012s] DEBUG:colcon.colcon_core.event_handler.log_command:Invoked command in '/home/epriauto/ros2_ws/camera/zed-camera-wrapper/build/zed_multi_camera' returned '0': CMAKE_PREFIX_PATH=/home/epriauto/ros2_ws/camera/zed-camera-wrapper/install/zed_wrapper:/home/epriauto/ros2_ws/camera/zed-camera-wrapper/install/zed_components:/home/epriauto/ros2_ws/camera/zed-camera-wrapper/install/zed_ros2:/opt/ros/humble /usr/bin/cmake /home/epriauto/ros2_ws/camera/zed-camera-wrapper/src/zed-ros2-examples/tutorials/zed_multi_camera -DCMAKE_BUILD_TYPE=Release -DAMENT_CMAKE_SYMLINK_INSTALL=1 -DCMAKE_INSTALL_PREFIX=/home/epriauto/ros2_ws/camera/zed-camera-wrapper/install/zed_multi_camera
[8.013s] DEBUG:colcon.colcon_core.event_handler.log_command:Invoking command in '/home/epriauto/ros2_ws/camera/zed-camera-wrapper/build/zed_multi_camera': CMAKE_PREFIX_PATH=/home/epriauto/ros2_ws/camera/zed-camera-wrapper/install/zed_wrapper:/home/epriauto/ros2_ws/camera/zed-camera-wrapper/install/zed_components:/home/epriauto/ros2_ws/camera/zed-camera-wrapper/install/zed_ros2:/opt/ros/humble /usr/bin/cmake --build /home/epriauto/ros2_ws/camera/zed-camera-wrapper/build/zed_multi_camera -- -j6 -l6
[13.518s] DEBUG:colcon.colcon_core.event_handler.log_command:Invoked command in '/home/epriauto/ros2_ws/camera/zed-camera-wrapper/build/zed_multi_camera' returned '0': CMAKE_PREFIX_PATH=/home/epriauto/ros2_ws/camera/zed-camera-wrapper/install/zed_wrapper:/home/epriauto/ros2_ws/camera/zed-camera-wrapper/install/zed_components:/home/epriauto/ros2_ws/camera/zed-camera-wrapper/install/zed_ros2:/opt/ros/humble /usr/bin/cmake --build /home/epriauto/ros2_ws/camera/zed-camera-wrapper/build/zed_multi_camera -- -j6 -l6
[13.519s] DEBUG:colcon.colcon_core.event_handler.log_command:Invoking command in '/home/epriauto/ros2_ws/camera/zed-camera-wrapper/build/zed_multi_camera': CMAKE_PREFIX_PATH=/home/epriauto/ros2_ws/camera/zed-camera-wrapper/install/zed_wrapper:/home/epriauto/ros2_ws/camera/zed-camera-wrapper/install/zed_components:/home/epriauto/ros2_ws/camera/zed-camera-wrapper/install/zed_ros2:/opt/ros/humble /usr/bin/cmake --install /home/epriauto/ros2_ws/camera/zed-camera-wrapper/build/zed_multi_camera
[13.524s] DEBUG:colcon.colcon_core.event_handler.log_command:Invoked command in '/home/epriauto/ros2_ws/camera/zed-camera-wrapper/build/zed_topic_benchmark_interfaces' returned '0': CMAKE_PREFIX_PATH=${CMAKE_PREFIX_PATH}:/opt/ros/humble /usr/bin/cmake --build /home/epriauto/ros2_ws/camera/zed-camera-wrapper/build/zed_topic_benchmark_interfaces -- -j6 -l6
[13.525s] DEBUG:colcon.colcon_core.event_handler.log_command:Invoking command in '/home/epriauto/ros2_ws/camera/zed-camera-wrapper/build/zed_topic_benchmark_interfaces': CMAKE_PREFIX_PATH=${CMAKE_PREFIX_PATH}:/opt/ros/humble /usr/bin/cmake --install /home/epriauto/ros2_ws/camera/zed-camera-wrapper/build/zed_topic_benchmark_interfaces
[14.565s] Level 1:colcon.colcon_core.environment:create_environment_scripts_only(zed_multi_camera)
[14.566s] Level 1:colcon.colcon_core.environment:checking '/home/epriauto/ros2_ws/camera/zed-camera-wrapper/install/zed_multi_camera' for CMake module files
[14.567s] Level 1:colcon.colcon_core.environment:checking '/home/epriauto/ros2_ws/camera/zed-camera-wrapper/install/zed_multi_camera' for CMake config files
[14.568s] Level 1:colcon.colcon_core.shell:create_environment_hook('zed_multi_camera', 'cmake_prefix_path')
[14.569s] INFO:colcon.colcon_core.shell:Creating environment hook '/home/epriauto/ros2_ws/camera/zed-camera-wrapper/install/zed_multi_camera/share/zed_multi_camera/hook/cmake_prefix_path.ps1'
[14.577s] DEBUG:colcon.colcon_core.event_handler.log_command:Invoked command in '/home/epriauto/ros2_ws/camera/zed-camera-wrapper/build/zed_multi_camera' returned '0': CMAKE_PREFIX_PATH=/home/epriauto/ros2_ws/camera/zed-camera-wrapper/install/zed_wrapper:/home/epriauto/ros2_ws/camera/zed-camera-wrapper/install/zed_components:/home/epriauto/ros2_ws/camera/zed-camera-wrapper/install/zed_ros2:/opt/ros/humble /usr/bin/cmake --install /home/epriauto/ros2_ws/camera/zed-camera-wrapper/build/zed_multi_camera
[14.578s] INFO:colcon.colcon_core.shell:Creating environment descriptor '/home/epriauto/ros2_ws/camera/zed-camera-wrapper/install/zed_multi_camera/share/zed_multi_camera/hook/cmake_prefix_path.dsv'
[14.582s] INFO:colcon.colcon_core.shell:Creating environment hook '/home/epriauto/ros2_ws/camera/zed-camera-wrapper/install/zed_multi_camera/share/zed_multi_camera/hook/cmake_prefix_path.sh'
[14.584s] Level 1:colcon.colcon_core.environment:checking '/home/epriauto/ros2_ws/camera/zed-camera-wrapper/install/zed_multi_camera/bin'
[14.585s] Level 1:colcon.colcon_core.environment:checking '/home/epriauto/ros2_ws/camera/zed-camera-wrapper/install/zed_multi_camera/lib/pkgconfig/zed_multi_camera.pc'
[14.585s] Level 1:colcon.colcon_core.environment:checking '/home/epriauto/ros2_ws/camera/zed-camera-wrapper/install/zed_multi_camera/lib/python3.10/site-packages'
[14.585s] Level 1:colcon.colcon_core.environment:checking '/home/epriauto/ros2_ws/camera/zed-camera-wrapper/install/zed_multi_camera/bin'
[14.604s] INFO:colcon.colcon_core.shell:Creating package script '/home/epriauto/ros2_ws/camera/zed-camera-wrapper/install/zed_multi_camera/share/zed_multi_camera/package.ps1'
[14.619s] INFO:colcon.colcon_core.shell:Creating package descriptor '/home/epriauto/ros2_ws/camera/zed-camera-wrapper/install/zed_multi_camera/share/zed_multi_camera/package.dsv'
[14.624s] INFO:colcon.colcon_core.shell:Creating package script '/home/epriauto/ros2_ws/camera/zed-camera-wrapper/install/zed_multi_camera/share/zed_multi_camera/package.sh'
[14.633s] INFO:colcon.colcon_core.shell:Creating package script '/home/epriauto/ros2_ws/camera/zed-camera-wrapper/install/zed_multi_camera/share/zed_multi_camera/package.bash'
[14.640s] INFO:colcon.colcon_core.shell:Creating package script '/home/epriauto/ros2_ws/camera/zed-camera-wrapper/install/zed_multi_camera/share/zed_multi_camera/package.zsh'
[14.644s] Level 1:colcon.colcon_core.environment:create_file_with_runtime_dependencies(/home/epriauto/ros2_ws/camera/zed-camera-wrapper/install/zed_multi_camera/share/colcon-core/packages/zed_multi_camera)
[14.658s] Level 1:colcon.colcon_core.environment:create_environment_scripts_only(zed_multi_camera)
[14.659s] Level 1:colcon.colcon_core.environment:checking '/home/epriauto/ros2_ws/camera/zed-camera-wrapper/install/zed_multi_camera' for CMake module files
[14.661s] Level 1:colcon.colcon_core.environment:checking '/home/epriauto/ros2_ws/camera/zed-camera-wrapper/install/zed_multi_camera' for CMake config files
[14.668s] Level 1:colcon.colcon_core.shell:create_environment_hook('zed_multi_camera', 'cmake_prefix_path')
[14.669s] INFO:colcon.colcon_core.shell:Creating environment hook '/home/epriauto/ros2_ws/camera/zed-camera-wrapper/install/zed_multi_camera/share/zed_multi_camera/hook/cmake_prefix_path.ps1'
[14.678s] INFO:colcon.colcon_core.shell:Creating environment descriptor '/home/epriauto/ros2_ws/camera/zed-camera-wrapper/install/zed_multi_camera/share/zed_multi_camera/hook/cmake_prefix_path.dsv'
[14.679s] INFO:colcon.colcon_core.shell:Creating environment hook '/home/epriauto/ros2_ws/camera/zed-camera-wrapper/install/zed_multi_camera/share/zed_multi_camera/hook/cmake_prefix_path.sh'
[14.681s] Level 1:colcon.colcon_core.environment:checking '/home/epriauto/ros2_ws/camera/zed-camera-wrapper/install/zed_multi_camera/bin'
[14.681s] Level 1:colcon.colcon_core.environment:checking '/home/epriauto/ros2_ws/camera/zed-camera-wrapper/install/zed_multi_camera/lib/pkgconfig/zed_multi_camera.pc'
[14.682s] Level 1:colcon.colcon_core.environment:checking '/home/epriauto/ros2_ws/camera/zed-camera-wrapper/install/zed_multi_camera/lib/python3.10/site-packages'
[14.682s] Level 1:colcon.colcon_core.environment:checking '/home/epriauto/ros2_ws/camera/zed-camera-wrapper/install/zed_multi_camera/bin'
[14.683s] INFO:colcon.colcon_core.shell:Creating package script '/home/epriauto/ros2_ws/camera/zed-camera-wrapper/install/zed_multi_camera/share/zed_multi_camera/package.ps1'
[14.684s] INFO:colcon.colcon_core.shell:Creating package descriptor '/home/epriauto/ros2_ws/camera/zed-camera-wrapper/install/zed_multi_camera/share/zed_multi_camera/package.dsv'
[14.685s] INFO:colcon.colcon_core.shell:Creating package script '/home/epriauto/ros2_ws/camera/zed-camera-wrapper/install/zed_multi_camera/share/zed_multi_camera/package.sh'
[14.689s] INFO:colcon.colcon_core.shell:Creating package script '/home/epriauto/ros2_ws/camera/zed-camera-wrapper/install/zed_multi_camera/share/zed_multi_camera/package.bash'
[14.696s] INFO:colcon.colcon_core.shell:Creating package script '/home/epriauto/ros2_ws/camera/zed-camera-wrapper/install/zed_multi_camera/share/zed_multi_camera/package.zsh'
[14.704s] Level 1:colcon.colcon_core.environment:create_file_with_runtime_dependencies(/home/epriauto/ros2_ws/camera/zed-camera-wrapper/install/zed_multi_camera/share/colcon-core/packages/zed_multi_camera)
[14.706s] INFO:colcon.colcon_ros.task.ament_cmake.build:Building ROS package in '/home/epriauto/ros2_ws/camera/zed-camera-wrapper/src/zed-ros2-examples/examples/zed_aruco_localization' with build type 'ament_cmake'
[14.706s] INFO:colcon.colcon_cmake.task.cmake.build:Building CMake package in '/home/epriauto/ros2_ws/camera/zed-camera-wrapper/src/zed-ros2-examples/examples/zed_aruco_localization'
[14.707s] INFO:colcon.colcon_core.shell:Skip shell extension 'powershell' for command environment: Not usable outside of PowerShell
[14.707s] DEBUG:colcon.colcon_core.shell:Skip shell extension 'dsv' for command environment
[14.810s] DEBUG:colcon.colcon_core.event_handler.log_command:Invoking command in '/home/epriauto/ros2_ws/camera/zed-camera-wrapper/build/zed_aruco_localization': CMAKE_PREFIX_PATH=/home/epriauto/ros2_ws/camera/zed-camera-wrapper/install/zed_components:/home/epriauto/ros2_ws/camera/zed-camera-wrapper/install/zed_ros2:/home/epriauto/ros2_ws/camera/zed-camera-wrapper/install/zed_wrapper:/opt/ros/humble /usr/bin/cmake /home/epriauto/ros2_ws/camera/zed-camera-wrapper/src/zed-ros2-examples/examples/zed_aruco_localization -DCMAKE_BUILD_TYPE=Release -DAMENT_CMAKE_SYMLINK_INSTALL=1 -DCMAKE_INSTALL_PREFIX=/home/epriauto/ros2_ws/camera/zed-camera-wrapper/install/zed_aruco_localization
[17.110s] Level 1:colcon.colcon_core.environment:create_environment_scripts_only(zed_topic_benchmark_interfaces)
[17.110s] Level 1:colcon.colcon_core.environment:checking '/home/epriauto/ros2_ws/camera/zed-camera-wrapper/install/zed_topic_benchmark_interfaces' for CMake module files
[17.112s] Level 1:colcon.colcon_core.environment:checking '/home/epriauto/ros2_ws/camera/zed-camera-wrapper/install/zed_topic_benchmark_interfaces' for CMake config files
[17.113s] Level 1:colcon.colcon_core.shell:create_environment_hook('zed_topic_benchmark_interfaces', 'cmake_prefix_path')
[17.114s] INFO:colcon.colcon_core.shell:Creating environment hook '/home/epriauto/ros2_ws/camera/zed-camera-wrapper/install/zed_topic_benchmark_interfaces/share/zed_topic_benchmark_interfaces/hook/cmake_prefix_path.ps1'
[17.117s] INFO:colcon.colcon_core.shell:Creating environment descriptor '/home/epriauto/ros2_ws/camera/zed-camera-wrapper/install/zed_topic_benchmark_interfaces/share/zed_topic_benchmark_interfaces/hook/cmake_prefix_path.dsv'
[17.118s] INFO:colcon.colcon_core.shell:Creating environment hook '/home/epriauto/ros2_ws/camera/zed-camera-wrapper/install/zed_topic_benchmark_interfaces/share/zed_topic_benchmark_interfaces/hook/cmake_prefix_path.sh'
[17.120s] Level 1:colcon.colcon_core.environment:checking '/home/epriauto/ros2_ws/camera/zed-camera-wrapper/install/zed_topic_benchmark_interfaces/lib'
[17.120s] Level 1:colcon.colcon_core.shell:create_environment_hook('zed_topic_benchmark_interfaces', 'ld_library_path_lib')
[17.120s] INFO:colcon.colcon_core.shell:Creating environment hook '/home/epriauto/ros2_ws/camera/zed-camera-wrapper/install/zed_topic_benchmark_interfaces/share/zed_topic_benchmark_interfaces/hook/ld_library_path_lib.ps1'
[17.121s] INFO:colcon.colcon_core.shell:Creating environment descriptor '/home/epriauto/ros2_ws/camera/zed-camera-wrapper/install/zed_topic_benchmark_interfaces/share/zed_topic_benchmark_interfaces/hook/ld_library_path_lib.dsv'
[17.139s] DEBUG:colcon.colcon_core.event_handler.log_command:Invoked command in '/home/epriauto/ros2_ws/camera/zed-camera-wrapper/build/zed_topic_benchmark_interfaces' returned '0': CMAKE_PREFIX_PATH=${CMAKE_PREFIX_PATH}:/opt/ros/humble /usr/bin/cmake --install /home/epriauto/ros2_ws/camera/zed-camera-wrapper/build/zed_topic_benchmark_interfaces
[17.139s] INFO:colcon.colcon_core.shell:Creating environment hook '/home/epriauto/ros2_ws/camera/zed-camera-wrapper/install/zed_topic_benchmark_interfaces/share/zed_topic_benchmark_interfaces/hook/ld_library_path_lib.sh'
[17.141s] Level 1:colcon.colcon_core.environment:checking '/home/epriauto/ros2_ws/camera/zed-camera-wrapper/install/zed_topic_benchmark_interfaces/bin'
[17.141s] Level 1:colcon.colcon_core.environment:checking '/home/epriauto/ros2_ws/camera/zed-camera-wrapper/install/zed_topic_benchmark_interfaces/lib/pkgconfig/zed_topic_benchmark_interfaces.pc'
[17.141s] Level 1:colcon.colcon_core.environment:checking '/home/epriauto/ros2_ws/camera/zed-camera-wrapper/install/zed_topic_benchmark_interfaces/lib/python3.10/site-packages'
[17.142s] Level 1:colcon.colcon_core.environment:checking '/home/epriauto/ros2_ws/camera/zed-camera-wrapper/install/zed_topic_benchmark_interfaces/bin'
[17.143s] INFO:colcon.colcon_core.shell:Creating package script '/home/epriauto/ros2_ws/camera/zed-camera-wrapper/install/zed_topic_benchmark_interfaces/share/zed_topic_benchmark_interfaces/package.ps1'
[17.144s] INFO:colcon.colcon_core.shell:Creating package descriptor '/home/epriauto/ros2_ws/camera/zed-camera-wrapper/install/zed_topic_benchmark_interfaces/share/zed_topic_benchmark_interfaces/package.dsv'
[17.145s] INFO:colcon.colcon_core.shell:Creating package script '/home/epriauto/ros2_ws/camera/zed-camera-wrapper/install/zed_topic_benchmark_interfaces/share/zed_topic_benchmark_interfaces/package.sh'
[17.158s] INFO:colcon.colcon_core.shell:Creating package script '/home/epriauto/ros2_ws/camera/zed-camera-wrapper/install/zed_topic_benchmark_interfaces/share/zed_topic_benchmark_interfaces/package.bash'
[17.160s] INFO:colcon.colcon_core.shell:Creating package script '/home/epriauto/ros2_ws/camera/zed-camera-wrapper/install/zed_topic_benchmark_interfaces/share/zed_topic_benchmark_interfaces/package.zsh'
[17.161s] Level 1:colcon.colcon_core.environment:create_file_with_runtime_dependencies(/home/epriauto/ros2_ws/camera/zed-camera-wrapper/install/zed_topic_benchmark_interfaces/share/colcon-core/packages/zed_topic_benchmark_interfaces)
[17.170s] Level 1:colcon.colcon_core.environment:create_environment_scripts_only(zed_topic_benchmark_interfaces)
[17.171s] Level 1:colcon.colcon_core.environment:checking '/home/epriauto/ros2_ws/camera/zed-camera-wrapper/install/zed_topic_benchmark_interfaces' for CMake module files
[17.172s] Level 1:colcon.colcon_core.environment:checking '/home/epriauto/ros2_ws/camera/zed-camera-wrapper/install/zed_topic_benchmark_interfaces' for CMake config files
[17.173s] Level 1:colcon.colcon_core.shell:create_environment_hook('zed_topic_benchmark_interfaces', 'cmake_prefix_path')
[17.173s] INFO:colcon.colcon_core.shell:Creating environment hook '/home/epriauto/ros2_ws/camera/zed-camera-wrapper/install/zed_topic_benchmark_interfaces/share/zed_topic_benchmark_interfaces/hook/cmake_prefix_path.ps1'
[17.204s] INFO:colcon.colcon_core.shell:Creating environment descriptor '/home/epriauto/ros2_ws/camera/zed-camera-wrapper/install/zed_topic_benchmark_interfaces/share/zed_topic_benchmark_interfaces/hook/cmake_prefix_path.dsv'
[17.205s] INFO:colcon.colcon_core.shell:Creating environment hook '/home/epriauto/ros2_ws/camera/zed-camera-wrapper/install/zed_topic_benchmark_interfaces/share/zed_topic_benchmark_interfaces/hook/cmake_prefix_path.sh'
[17.207s] Level 1:colcon.colcon_core.environment:checking '/home/epriauto/ros2_ws/camera/zed-camera-wrapper/install/zed_topic_benchmark_interfaces/lib'
[17.207s] Level 1:colcon.colcon_core.shell:create_environment_hook('zed_topic_benchmark_interfaces', 'ld_library_path_lib')
[17.208s] INFO:colcon.colcon_core.shell:Creating environment hook '/home/epriauto/ros2_ws/camera/zed-camera-wrapper/install/zed_topic_benchmark_interfaces/share/zed_topic_benchmark_interfaces/hook/ld_library_path_lib.ps1'
[17.209s] INFO:colcon.colcon_core.shell:Creating environment descriptor '/home/epriauto/ros2_ws/camera/zed-camera-wrapper/install/zed_topic_benchmark_interfaces/share/zed_topic_benchmark_interfaces/hook/ld_library_path_lib.dsv'
[17.209s] INFO:colcon.colcon_core.shell:Creating environment hook '/home/epriauto/ros2_ws/camera/zed-camera-wrapper/install/zed_topic_benchmark_interfaces/share/zed_topic_benchmark_interfaces/hook/ld_library_path_lib.sh'
[17.245s] Level 1:colcon.colcon_core.environment:checking '/home/epriauto/ros2_ws/camera/zed-camera-wrapper/install/zed_topic_benchmark_interfaces/bin'
[17.246s] Level 1:colcon.colcon_core.environment:checking '/home/epriauto/ros2_ws/camera/zed-camera-wrapper/install/zed_topic_benchmark_interfaces/lib/pkgconfig/zed_topic_benchmark_interfaces.pc'
[17.246s] Level 1:colcon.colcon_core.environment:checking '/home/epriauto/ros2_ws/camera/zed-camera-wrapper/install/zed_topic_benchmark_interfaces/lib/python3.10/site-packages'
[17.247s] Level 1:colcon.colcon_core.environment:checking '/home/epriauto/ros2_ws/camera/zed-camera-wrapper/install/zed_topic_benchmark_interfaces/bin'
[17.247s] INFO:colcon.colcon_core.shell:Creating package script '/home/epriauto/ros2_ws/camera/zed-camera-wrapper/install/zed_topic_benchmark_interfaces/share/zed_topic_benchmark_interfaces/package.ps1'
[17.271s] INFO:colcon.colcon_core.shell:Creating package descriptor '/home/epriauto/ros2_ws/camera/zed-camera-wrapper/install/zed_topic_benchmark_interfaces/share/zed_topic_benchmark_interfaces/package.dsv'
[17.275s] INFO:colcon.colcon_core.shell:Creating package script '/home/epriauto/ros2_ws/camera/zed-camera-wrapper/install/zed_topic_benchmark_interfaces/share/zed_topic_benchmark_interfaces/package.sh'
[17.279s] INFO:colcon.colcon_core.shell:Creating package script '/home/epriauto/ros2_ws/camera/zed-camera-wrapper/install/zed_topic_benchmark_interfaces/share/zed_topic_benchmark_interfaces/package.bash'
[17.291s] INFO:colcon.colcon_core.shell:Creating package script '/home/epriauto/ros2_ws/camera/zed-camera-wrapper/install/zed_topic_benchmark_interfaces/share/zed_topic_benchmark_interfaces/package.zsh'
[17.300s] Level 1:colcon.colcon_core.environment:create_file_with_runtime_dependencies(/home/epriauto/ros2_ws/camera/zed-camera-wrapper/install/zed_topic_benchmark_interfaces/share/colcon-core/packages/zed_topic_benchmark_interfaces)
[17.304s] INFO:colcon.colcon_ros.task.ament_cmake.build:Building ROS package in '/home/epriauto/ros2_ws/camera/zed-camera-wrapper/src/zed-ros2-examples/tools/zed_benchmark_component' with build type 'ament_cmake'
[17.305s] INFO:colcon.colcon_cmake.task.cmake.build:Building CMake package in '/home/epriauto/ros2_ws/camera/zed-camera-wrapper/src/zed-ros2-examples/tools/zed_benchmark_component'
[17.306s] INFO:colcon.colcon_core.shell:Skip shell extension 'powershell' for command environment: Not usable outside of PowerShell
[17.306s] DEBUG:colcon.colcon_core.shell:Skip shell extension 'dsv' for command environment
[17.428s] DEBUG:colcon.colcon_core.event_handler.log_command:Invoking command in '/home/epriauto/ros2_ws/camera/zed-camera-wrapper/build/zed_topic_benchmark_component': AMENT_PREFIX_PATH=/home/epriauto/ros2_ws/camera/zed-camera-wrapper/install/zed_topic_benchmark_interfaces:${AMENT_PREFIX_PATH} CMAKE_PREFIX_PATH=/home/epriauto/ros2_ws/camera/zed-camera-wrapper/install/zed_topic_benchmark_interfaces:/home/epriauto/ros2_ws/camera/zed-camera-wrapper/install/zed_ros2:/home/epriauto/ros2_ws/camera/zed-camera-wrapper/install/zed_wrapper:/home/epriauto/ros2_ws/camera/zed-camera-wrapper/install/zed_components:/opt/ros/humble LD_LIBRARY_PATH=/home/epriauto/ros2_ws/camera/zed-camera-wrapper/install/zed_topic_benchmark_interfaces/lib:${LD_LIBRARY_PATH} PYTHONPATH=/home/epriauto/ros2_ws/camera/zed-camera-wrapper/install/zed_topic_benchmark_interfaces/local/lib/python3.10/dist-packages:${PYTHONPATH} /usr/bin/cmake /home/epriauto/ros2_ws/camera/zed-camera-wrapper/src/zed-ros2-examples/tools/zed_benchmark_component -DCMAKE_BUILD_TYPE=Release -DAMENT_CMAKE_SYMLINK_INSTALL=1 -DCMAKE_INSTALL_PREFIX=/home/epriauto/ros2_ws/camera/zed-camera-wrapper/install/zed_topic_benchmark_component
[24.962s] DEBUG:colcon.colcon_core.event_handler.log_command:Invoked command in '/home/epriauto/ros2_ws/camera/zed-camera-wrapper/build/zed_topic_benchmark_component' returned '0': AMENT_PREFIX_PATH=/home/epriauto/ros2_ws/camera/zed-camera-wrapper/install/zed_topic_benchmark_interfaces:${AMENT_PREFIX_PATH} CMAKE_PREFIX_PATH=/home/epriauto/ros2_ws/camera/zed-camera-wrapper/install/zed_topic_benchmark_interfaces:/home/epriauto/ros2_ws/camera/zed-camera-wrapper/install/zed_ros2:/home/epriauto/ros2_ws/camera/zed-camera-wrapper/install/zed_wrapper:/home/epriauto/ros2_ws/camera/zed-camera-wrapper/install/zed_components:/opt/ros/humble LD_LIBRARY_PATH=/home/epriauto/ros2_ws/camera/zed-camera-wrapper/install/zed_topic_benchmark_interfaces/lib:${LD_LIBRARY_PATH} PYTHONPATH=/home/epriauto/ros2_ws/camera/zed-camera-wrapper/install/zed_topic_benchmark_interfaces/local/lib/python3.10/dist-packages:${PYTHONPATH} /usr/bin/cmake /home/epriauto/ros2_ws/camera/zed-camera-wrapper/src/zed-ros2-examples/tools/zed_benchmark_component -DCMAKE_BUILD_TYPE=Release -DAMENT_CMAKE_SYMLINK_INSTALL=1 -DCMAKE_INSTALL_PREFIX=/home/epriauto/ros2_ws/camera/zed-camera-wrapper/install/zed_topic_benchmark_component
[24.965s] DEBUG:colcon.colcon_core.event_handler.log_command:Invoking command in '/home/epriauto/ros2_ws/camera/zed-camera-wrapper/build/zed_topic_benchmark_component': AMENT_PREFIX_PATH=/home/epriauto/ros2_ws/camera/zed-camera-wrapper/install/zed_topic_benchmark_interfaces:${AMENT_PREFIX_PATH} CMAKE_PREFIX_PATH=/home/epriauto/ros2_ws/camera/zed-camera-wrapper/install/zed_topic_benchmark_interfaces:/home/epriauto/ros2_ws/camera/zed-camera-wrapper/install/zed_ros2:/home/epriauto/ros2_ws/camera/zed-camera-wrapper/install/zed_wrapper:/home/epriauto/ros2_ws/camera/zed-camera-wrapper/install/zed_components:/opt/ros/humble LD_LIBRARY_PATH=/home/epriauto/ros2_ws/camera/zed-camera-wrapper/install/zed_topic_benchmark_interfaces/lib:${LD_LIBRARY_PATH} PYTHONPATH=/home/epriauto/ros2_ws/camera/zed-camera-wrapper/install/zed_topic_benchmark_interfaces/local/lib/python3.10/dist-packages:${PYTHONPATH} /usr/bin/cmake --build /home/epriauto/ros2_ws/camera/zed-camera-wrapper/build/zed_topic_benchmark_component -- -j6 -l6
[24.968s] DEBUG:colcon.colcon_core.event_handler.log_command:Invoked command in '/home/epriauto/ros2_ws/camera/zed-camera-wrapper/build/zed_aruco_localization' returned '0': CMAKE_PREFIX_PATH=/home/epriauto/ros2_ws/camera/zed-camera-wrapper/install/zed_components:/home/epriauto/ros2_ws/camera/zed-camera-wrapper/install/zed_ros2:/home/epriauto/ros2_ws/camera/zed-camera-wrapper/install/zed_wrapper:/opt/ros/humble /usr/bin/cmake /home/epriauto/ros2_ws/camera/zed-camera-wrapper/src/zed-ros2-examples/examples/zed_aruco_localization -DCMAKE_BUILD_TYPE=Release -DAMENT_CMAKE_SYMLINK_INSTALL=1 -DCMAKE_INSTALL_PREFIX=/home/epriauto/ros2_ws/camera/zed-camera-wrapper/install/zed_aruco_localization
[24.970s] DEBUG:colcon.colcon_core.event_handler.log_command:Invoking command in '/home/epriauto/ros2_ws/camera/zed-camera-wrapper/build/zed_aruco_localization': CMAKE_PREFIX_PATH=/home/epriauto/ros2_ws/camera/zed-camera-wrapper/install/zed_components:/home/epriauto/ros2_ws/camera/zed-camera-wrapper/install/zed_ros2:/home/epriauto/ros2_ws/camera/zed-camera-wrapper/install/zed_wrapper:/opt/ros/humble /usr/bin/cmake --build /home/epriauto/ros2_ws/camera/zed-camera-wrapper/build/zed_aruco_localization -- -j6 -l6
[45.368s] DEBUG:colcon.colcon_core.event_handler.log_command:Invoked command in '/home/epriauto/ros2_ws/camera/zed-camera-wrapper/build/zed_tutorial_depth' returned '0': CMAKE_PREFIX_PATH=${CMAKE_PREFIX_PATH}:/opt/ros/humble /usr/bin/cmake --build /home/epriauto/ros2_ws/camera/zed-camera-wrapper/build/zed_tutorial_depth -- -j6 -l6
[45.384s] DEBUG:colcon.colcon_core.event_handler.log_command:Invoking command in '/home/epriauto/ros2_ws/camera/zed-camera-wrapper/build/zed_tutorial_depth': CMAKE_PREFIX_PATH=${CMAKE_PREFIX_PATH}:/opt/ros/humble /usr/bin/cmake --install /home/epriauto/ros2_ws/camera/zed-camera-wrapper/build/zed_tutorial_depth
[49.911s] DEBUG:colcon.colcon_core.event_handler.log_command:Invoked command in '/home/epriauto/ros2_ws/camera/zed-camera-wrapper/build/zed_tutorial_video' returned '0': CMAKE_PREFIX_PATH=${CMAKE_PREFIX_PATH}:/opt/ros/humble /usr/bin/cmake --build /home/epriauto/ros2_ws/camera/zed-camera-wrapper/build/zed_tutorial_video -- -j6 -l6
[49.942s] DEBUG:colcon.colcon_core.event_handler.log_command:Invoking command in '/home/epriauto/ros2_ws/camera/zed-camera-wrapper/build/zed_tutorial_video': CMAKE_PREFIX_PATH=${CMAKE_PREFIX_PATH}:/opt/ros/humble /usr/bin/cmake --install /home/epriauto/ros2_ws/camera/zed-camera-wrapper/build/zed_tutorial_video
[49.946s] Level 1:colcon.colcon_core.environment:create_environment_scripts_only(zed_tutorial_depth)
[49.948s] Level 1:colcon.colcon_core.environment:checking '/home/epriauto/ros2_ws/camera/zed-camera-wrapper/install/zed_tutorial_depth' for CMake module files
[49.949s] DEBUG:colcon.colcon_core.event_handler.log_command:Invoked command in '/home/epriauto/ros2_ws/camera/zed-camera-wrapper/build/zed_tutorial_depth' returned '0': CMAKE_PREFIX_PATH=${CMAKE_PREFIX_PATH}:/opt/ros/humble /usr/bin/cmake --install /home/epriauto/ros2_ws/camera/zed-camera-wrapper/build/zed_tutorial_depth
[49.950s] Level 1:colcon.colcon_core.environment:checking '/home/epriauto/ros2_ws/camera/zed-camera-wrapper/install/zed_tutorial_depth' for CMake config files
[49.951s] Level 1:colcon.colcon_core.shell:create_environment_hook('zed_tutorial_depth', 'cmake_prefix_path')
[49.952s] INFO:colcon.colcon_core.shell:Creating environment hook '/home/epriauto/ros2_ws/camera/zed-camera-wrapper/install/zed_tutorial_depth/share/zed_tutorial_depth/hook/cmake_prefix_path.ps1'
[49.955s] INFO:colcon.colcon_core.shell:Creating environment descriptor '/home/epriauto/ros2_ws/camera/zed-camera-wrapper/install/zed_tutorial_depth/share/zed_tutorial_depth/hook/cmake_prefix_path.dsv'
[49.957s] INFO:colcon.colcon_core.shell:Creating environment hook '/home/epriauto/ros2_ws/camera/zed-camera-wrapper/install/zed_tutorial_depth/share/zed_tutorial_depth/hook/cmake_prefix_path.sh'
[49.960s] Level 1:colcon.colcon_core.environment:checking '/home/epriauto/ros2_ws/camera/zed-camera-wrapper/install/zed_tutorial_depth/lib'
[49.960s] Level 1:colcon.colcon_core.environment:checking '/home/epriauto/ros2_ws/camera/zed-camera-wrapper/install/zed_tutorial_depth/bin'
[49.961s] Level 1:colcon.colcon_core.environment:checking '/home/epriauto/ros2_ws/camera/zed-camera-wrapper/install/zed_tutorial_depth/lib/pkgconfig/zed_tutorial_depth.pc'
[49.962s] Level 1:colcon.colcon_core.environment:checking '/home/epriauto/ros2_ws/camera/zed-camera-wrapper/install/zed_tutorial_depth/lib/python3.10/site-packages'
[49.963s] Level 1:colcon.colcon_core.environment:checking '/home/epriauto/ros2_ws/camera/zed-camera-wrapper/install/zed_tutorial_depth/bin'
[49.964s] INFO:colcon.colcon_core.shell:Creating package script '/home/epriauto/ros2_ws/camera/zed-camera-wrapper/install/zed_tutorial_depth/share/zed_tutorial_depth/package.ps1'
[49.968s] INFO:colcon.colcon_core.shell:Creating package descriptor '/home/epriauto/ros2_ws/camera/zed-camera-wrapper/install/zed_tutorial_depth/share/zed_tutorial_depth/package.dsv'
[49.980s] INFO:colcon.colcon_core.shell:Creating package script '/home/epriauto/ros2_ws/camera/zed-camera-wrapper/install/zed_tutorial_depth/share/zed_tutorial_depth/package.sh'
[49.982s] INFO:colcon.colcon_core.shell:Creating package script '/home/epriauto/ros2_ws/camera/zed-camera-wrapper/install/zed_tutorial_depth/share/zed_tutorial_depth/package.bash'
[49.988s] INFO:colcon.colcon_core.shell:Creating package script '/home/epriauto/ros2_ws/camera/zed-camera-wrapper/install/zed_tutorial_depth/share/zed_tutorial_depth/package.zsh'
[49.991s] Level 1:colcon.colcon_core.environment:create_file_with_runtime_dependencies(/home/epriauto/ros2_ws/camera/zed-camera-wrapper/install/zed_tutorial_depth/share/colcon-core/packages/zed_tutorial_depth)
[49.993s] Level 1:colcon.colcon_core.environment:create_environment_scripts_only(zed_tutorial_depth)
[49.993s] Level 1:colcon.colcon_core.environment:checking '/home/epriauto/ros2_ws/camera/zed-camera-wrapper/install/zed_tutorial_depth' for CMake module files
[49.994s] Level 1:colcon.colcon_core.environment:checking '/home/epriauto/ros2_ws/camera/zed-camera-wrapper/install/zed_tutorial_depth' for CMake config files
[49.995s] Level 1:colcon.colcon_core.shell:create_environment_hook('zed_tutorial_depth', 'cmake_prefix_path')
[49.995s] INFO:colcon.colcon_core.shell:Creating environment hook '/home/epriauto/ros2_ws/camera/zed-camera-wrapper/install/zed_tutorial_depth/share/zed_tutorial_depth/hook/cmake_prefix_path.ps1'
[49.997s] INFO:colcon.colcon_core.shell:Creating environment descriptor '/home/epriauto/ros2_ws/camera/zed-camera-wrapper/install/zed_tutorial_depth/share/zed_tutorial_depth/hook/cmake_prefix_path.dsv'
[49.997s] INFO:colcon.colcon_core.shell:Creating environment hook '/home/epriauto/ros2_ws/camera/zed-camera-wrapper/install/zed_tutorial_depth/share/zed_tutorial_depth/hook/cmake_prefix_path.sh'
[49.999s] Level 1:colcon.colcon_core.environment:checking '/home/epriauto/ros2_ws/camera/zed-camera-wrapper/install/zed_tutorial_depth/lib'
[49.999s] Level 1:colcon.colcon_core.environment:checking '/home/epriauto/ros2_ws/camera/zed-camera-wrapper/install/zed_tutorial_depth/bin'
[49.999s] Level 1:colcon.colcon_core.environment:checking '/home/epriauto/ros2_ws/camera/zed-camera-wrapper/install/zed_tutorial_depth/lib/pkgconfig/zed_tutorial_depth.pc'
[50.000s] Level 1:colcon.colcon_core.environment:checking '/home/epriauto/ros2_ws/camera/zed-camera-wrapper/install/zed_tutorial_depth/lib/python3.10/site-packages'
[50.000s] Level 1:colcon.colcon_core.environment:checking '/home/epriauto/ros2_ws/camera/zed-camera-wrapper/install/zed_tutorial_depth/bin'
[50.001s] INFO:colcon.colcon_core.shell:Creating package script '/home/epriauto/ros2_ws/camera/zed-camera-wrapper/install/zed_tutorial_depth/share/zed_tutorial_depth/package.ps1'
[50.002s] INFO:colcon.colcon_core.shell:Creating package descriptor '/home/epriauto/ros2_ws/camera/zed-camera-wrapper/install/zed_tutorial_depth/share/zed_tutorial_depth/package.dsv'
[50.020s] INFO:colcon.colcon_core.shell:Creating package script '/home/epriauto/ros2_ws/camera/zed-camera-wrapper/install/zed_tutorial_depth/share/zed_tutorial_depth/package.sh'
[50.021s] INFO:colcon.colcon_core.shell:Creating package script '/home/epriauto/ros2_ws/camera/zed-camera-wrapper/install/zed_tutorial_depth/share/zed_tutorial_depth/package.bash'
[50.022s] INFO:colcon.colcon_core.shell:Creating package script '/home/epriauto/ros2_ws/camera/zed-camera-wrapper/install/zed_tutorial_depth/share/zed_tutorial_depth/package.zsh'
[50.023s] Level 1:colcon.colcon_core.environment:create_file_with_runtime_dependencies(/home/epriauto/ros2_ws/camera/zed-camera-wrapper/install/zed_tutorial_depth/share/colcon-core/packages/zed_tutorial_depth)
[50.027s] INFO:colcon.colcon_ros.task.ament_cmake.build:Building ROS package in '/home/epriauto/ros2_ws/camera/zed-camera-wrapper/src/zed-ros2-examples/tutorials/zed_rgb_convert' with build type 'ament_cmake'
[50.027s] INFO:colcon.colcon_cmake.task.cmake.build:Building CMake package in '/home/epriauto/ros2_ws/camera/zed-camera-wrapper/src/zed-ros2-examples/tutorials/zed_rgb_convert'
[50.035s] INFO:colcon.colcon_core.shell:Skip shell extension 'powershell' for command environment: Not usable outside of PowerShell
[50.035s] DEBUG:colcon.colcon_core.shell:Skip shell extension 'dsv' for command environment
[50.119s] DEBUG:colcon.colcon_core.event_handler.log_command:Invoking command in '/home/epriauto/ros2_ws/camera/zed-camera-wrapper/build/zed_rgb_convert': CMAKE_PREFIX_PATH=/home/epriauto/ros2_ws/camera/zed-camera-wrapper/install/zed_components:/home/epriauto/ros2_ws/camera/zed-camera-wrapper/install/zed_ros2:/home/epriauto/ros2_ws/camera/zed-camera-wrapper/install/zed_wrapper:/opt/ros/humble /usr/bin/cmake /home/epriauto/ros2_ws/camera/zed-camera-wrapper/src/zed-ros2-examples/tutorials/zed_rgb_convert -DCMAKE_BUILD_TYPE=Release -DAMENT_CMAKE_SYMLINK_INSTALL=1 -DCMAKE_INSTALL_PREFIX=/home/epriauto/ros2_ws/camera/zed-camera-wrapper/install/zed_rgb_convert
[50.582s] Level 1:colcon.colcon_core.environment:create_environment_scripts_only(zed_tutorial_video)
[50.583s] Level 1:colcon.colcon_core.environment:checking '/home/epriauto/ros2_ws/camera/zed-camera-wrapper/install/zed_tutorial_video' for CMake module files
[50.584s] Level 1:colcon.colcon_core.environment:checking '/home/epriauto/ros2_ws/camera/zed-camera-wrapper/install/zed_tutorial_video' for CMake config files
[50.584s] Level 1:colcon.colcon_core.shell:create_environment_hook('zed_tutorial_video', 'cmake_prefix_path')
[50.585s] INFO:colcon.colcon_core.shell:Creating environment hook '/home/epriauto/ros2_ws/camera/zed-camera-wrapper/install/zed_tutorial_video/share/zed_tutorial_video/hook/cmake_prefix_path.ps1'
[50.586s] DEBUG:colcon.colcon_core.event_handler.log_command:Invoked command in '/home/epriauto/ros2_ws/camera/zed-camera-wrapper/build/zed_tutorial_video' returned '0': CMAKE_PREFIX_PATH=${CMAKE_PREFIX_PATH}:/opt/ros/humble /usr/bin/cmake --install /home/epriauto/ros2_ws/camera/zed-camera-wrapper/build/zed_tutorial_video
[50.587s] INFO:colcon.colcon_core.shell:Creating environment descriptor '/home/epriauto/ros2_ws/camera/zed-camera-wrapper/install/zed_tutorial_video/share/zed_tutorial_video/hook/cmake_prefix_path.dsv'
[50.588s] INFO:colcon.colcon_core.shell:Creating environment hook '/home/epriauto/ros2_ws/camera/zed-camera-wrapper/install/zed_tutorial_video/share/zed_tutorial_video/hook/cmake_prefix_path.sh'
[50.589s] Level 1:colcon.colcon_core.environment:checking '/home/epriauto/ros2_ws/camera/zed-camera-wrapper/install/zed_tutorial_video/lib'
[50.589s] Level 1:colcon.colcon_core.environment:checking '/home/epriauto/ros2_ws/camera/zed-camera-wrapper/install/zed_tutorial_video/bin'
[50.589s] Level 1:colcon.colcon_core.environment:checking '/home/epriauto/ros2_ws/camera/zed-camera-wrapper/install/zed_tutorial_video/lib/pkgconfig/zed_tutorial_video.pc'
[50.590s] Level 1:colcon.colcon_core.environment:checking '/home/epriauto/ros2_ws/camera/zed-camera-wrapper/install/zed_tutorial_video/lib/python3.10/site-packages'
[50.590s] Level 1:colcon.colcon_core.environment:checking '/home/epriauto/ros2_ws/camera/zed-camera-wrapper/install/zed_tutorial_video/bin'
[50.591s] INFO:colcon.colcon_core.shell:Creating package script '/home/epriauto/ros2_ws/camera/zed-camera-wrapper/install/zed_tutorial_video/share/zed_tutorial_video/package.ps1'
[50.592s] INFO:colcon.colcon_core.shell:Creating package descriptor '/home/epriauto/ros2_ws/camera/zed-camera-wrapper/install/zed_tutorial_video/share/zed_tutorial_video/package.dsv'
[50.593s] INFO:colcon.colcon_core.shell:Creating package script '/home/epriauto/ros2_ws/camera/zed-camera-wrapper/install/zed_tutorial_video/share/zed_tutorial_video/package.sh'
[50.593s] INFO:colcon.colcon_core.shell:Creating package script '/home/epriauto/ros2_ws/camera/zed-camera-wrapper/install/zed_tutorial_video/share/zed_tutorial_video/package.bash'
[50.598s] INFO:colcon.colcon_core.shell:Creating package script '/home/epriauto/ros2_ws/camera/zed-camera-wrapper/install/zed_tutorial_video/share/zed_tutorial_video/package.zsh'
[50.600s] Level 1:colcon.colcon_core.environment:create_file_with_runtime_dependencies(/home/epriauto/ros2_ws/camera/zed-camera-wrapper/install/zed_tutorial_video/share/colcon-core/packages/zed_tutorial_video)
[50.602s] Level 1:colcon.colcon_core.environment:create_environment_scripts_only(zed_tutorial_video)
[50.602s] Level 1:colcon.colcon_core.environment:checking '/home/epriauto/ros2_ws/camera/zed-camera-wrapper/install/zed_tutorial_video' for CMake module files
[50.603s] Level 1:colcon.colcon_core.environment:checking '/home/epriauto/ros2_ws/camera/zed-camera-wrapper/install/zed_tutorial_video' for CMake config files
[50.604s] Level 1:colcon.colcon_core.shell:create_environment_hook('zed_tutorial_video', 'cmake_prefix_path')
[50.604s] INFO:colcon.colcon_core.shell:Creating environment hook '/home/epriauto/ros2_ws/camera/zed-camera-wrapper/install/zed_tutorial_video/share/zed_tutorial_video/hook/cmake_prefix_path.ps1'
[50.606s] INFO:colcon.colcon_core.shell:Creating environment descriptor '/home/epriauto/ros2_ws/camera/zed-camera-wrapper/install/zed_tutorial_video/share/zed_tutorial_video/hook/cmake_prefix_path.dsv'
[50.607s] INFO:colcon.colcon_core.shell:Creating environment hook '/home/epriauto/ros2_ws/camera/zed-camera-wrapper/install/zed_tutorial_video/share/zed_tutorial_video/hook/cmake_prefix_path.sh'
[50.609s] Level 1:colcon.colcon_core.environment:checking '/home/epriauto/ros2_ws/camera/zed-camera-wrapper/install/zed_tutorial_video/lib'
[50.609s] Level 1:colcon.colcon_core.environment:checking '/home/epriauto/ros2_ws/camera/zed-camera-wrapper/install/zed_tutorial_video/bin'
[50.609s] Level 1:colcon.colcon_core.environment:checking '/home/epriauto/ros2_ws/camera/zed-camera-wrapper/install/zed_tutorial_video/lib/pkgconfig/zed_tutorial_video.pc'
[50.610s] Level 1:colcon.colcon_core.environment:checking '/home/epriauto/ros2_ws/camera/zed-camera-wrapper/install/zed_tutorial_video/lib/python3.10/site-packages'
[50.610s] Level 1:colcon.colcon_core.environment:checking '/home/epriauto/ros2_ws/camera/zed-camera-wrapper/install/zed_tutorial_video/bin'
[50.616s] INFO:colcon.colcon_core.shell:Creating package script '/home/epriauto/ros2_ws/camera/zed-camera-wrapper/install/zed_tutorial_video/share/zed_tutorial_video/package.ps1'
[50.618s] INFO:colcon.colcon_core.shell:Creating package descriptor '/home/epriauto/ros2_ws/camera/zed-camera-wrapper/install/zed_tutorial_video/share/zed_tutorial_video/package.dsv'
[50.620s] INFO:colcon.colcon_core.shell:Creating package script '/home/epriauto/ros2_ws/camera/zed-camera-wrapper/install/zed_tutorial_video/share/zed_tutorial_video/package.sh'
[50.622s] INFO:colcon.colcon_core.shell:Creating package script '/home/epriauto/ros2_ws/camera/zed-camera-wrapper/install/zed_tutorial_video/share/zed_tutorial_video/package.bash'
[50.624s] INFO:colcon.colcon_core.shell:Creating package script '/home/epriauto/ros2_ws/camera/zed-camera-wrapper/install/zed_tutorial_video/share/zed_tutorial_video/package.zsh'
[50.626s] Level 1:colcon.colcon_core.environment:create_file_with_runtime_dependencies(/home/epriauto/ros2_ws/camera/zed-camera-wrapper/install/zed_tutorial_video/share/colcon-core/packages/zed_tutorial_video)
[50.628s] INFO:colcon.colcon_ros.task.ament_cmake.build:Building ROS package in '/home/epriauto/ros2_ws/camera/zed-camera-wrapper/src/zed-ros2-examples/examples/zed_depth_to_laserscan' with build type 'ament_cmake'
[50.630s] INFO:colcon.colcon_cmake.task.cmake.build:Building CMake package in '/home/epriauto/ros2_ws/camera/zed-camera-wrapper/src/zed-ros2-examples/examples/zed_depth_to_laserscan'
[50.631s] INFO:colcon.colcon_core.shell:Skip shell extension 'powershell' for command environment: Not usable outside of PowerShell
[50.631s] DEBUG:colcon.colcon_core.shell:Skip shell extension 'dsv' for command environment
[50.734s] DEBUG:colcon.colcon_core.event_handler.log_command:Invoking command in '/home/epriauto/ros2_ws/camera/zed-camera-wrapper/build/zed_depth_to_laserscan': CMAKE_PREFIX_PATH=/home/epriauto/ros2_ws/camera/zed-camera-wrapper/install/zed_wrapper:/home/epriauto/ros2_ws/camera/zed-camera-wrapper/install/zed_components:/home/epriauto/ros2_ws/camera/zed-camera-wrapper/install/zed_ros2:/opt/ros/humble /usr/bin/cmake /home/epriauto/ros2_ws/camera/zed-camera-wrapper/src/zed-ros2-examples/examples/zed_depth_to_laserscan -DCMAKE_BUILD_TYPE=Release -DAMENT_CMAKE_SYMLINK_INSTALL=1 -DCMAKE_INSTALL_PREFIX=/home/epriauto/ros2_ws/camera/zed-camera-wrapper/install/zed_depth_to_laserscan
[57.558s] DEBUG:colcon.colcon_core.event_handler.log_command:Invoked command in '/home/epriauto/ros2_ws/camera/zed-camera-wrapper/build/zed_tutorial_pos_tracking' returned '0': CMAKE_PREFIX_PATH=${CMAKE_PREFIX_PATH}:/opt/ros/humble /usr/bin/cmake --build /home/epriauto/ros2_ws/camera/zed-camera-wrapper/build/zed_tutorial_pos_tracking -- -j6 -l6
[57.572s] DEBUG:colcon.colcon_core.event_handler.log_command:Invoking command in '/home/epriauto/ros2_ws/camera/zed-camera-wrapper/build/zed_tutorial_pos_tracking': CMAKE_PREFIX_PATH=${CMAKE_PREFIX_PATH}:/opt/ros/humble /usr/bin/cmake --install /home/epriauto/ros2_ws/camera/zed-camera-wrapper/build/zed_tutorial_pos_tracking
[58.044s] DEBUG:colcon.colcon_core.event_handler.log_command:Invoked command in '/home/epriauto/ros2_ws/camera/zed-camera-wrapper/build/zed_depth_to_laserscan' returned '0': CMAKE_PREFIX_PATH=/home/epriauto/ros2_ws/camera/zed-camera-wrapper/install/zed_wrapper:/home/epriauto/ros2_ws/camera/zed-camera-wrapper/install/zed_components:/home/epriauto/ros2_ws/camera/zed-camera-wrapper/install/zed_ros2:/opt/ros/humble /usr/bin/cmake /home/epriauto/ros2_ws/camera/zed-camera-wrapper/src/zed-ros2-examples/examples/zed_depth_to_laserscan -DCMAKE_BUILD_TYPE=Release -DAMENT_CMAKE_SYMLINK_INSTALL=1 -DCMAKE_INSTALL_PREFIX=/home/epriauto/ros2_ws/camera/zed-camera-wrapper/install/zed_depth_to_laserscan
[58.045s] DEBUG:colcon.colcon_core.event_handler.log_command:Invoking command in '/home/epriauto/ros2_ws/camera/zed-camera-wrapper/build/zed_depth_to_laserscan': CMAKE_PREFIX_PATH=/home/epriauto/ros2_ws/camera/zed-camera-wrapper/install/zed_wrapper:/home/epriauto/ros2_ws/camera/zed-camera-wrapper/install/zed_components:/home/epriauto/ros2_ws/camera/zed-camera-wrapper/install/zed_ros2:/opt/ros/humble /usr/bin/cmake --build /home/epriauto/ros2_ws/camera/zed-camera-wrapper/build/zed_depth_to_laserscan -- -j6 -l6
[58.161s] Level 1:colcon.colcon_core.environment:create_environment_scripts_only(zed_tutorial_pos_tracking)
[58.163s] Level 1:colcon.colcon_core.environment:checking '/home/epriauto/ros2_ws/camera/zed-camera-wrapper/install/zed_tutorial_pos_tracking' for CMake module files
[58.164s] Level 1:colcon.colcon_core.environment:checking '/home/epriauto/ros2_ws/camera/zed-camera-wrapper/install/zed_tutorial_pos_tracking' for CMake config files
[58.164s] Level 1:colcon.colcon_core.shell:create_environment_hook('zed_tutorial_pos_tracking', 'cmake_prefix_path')
[58.165s] INFO:colcon.colcon_core.shell:Creating environment hook '/home/epriauto/ros2_ws/camera/zed-camera-wrapper/install/zed_tutorial_pos_tracking/share/zed_tutorial_pos_tracking/hook/cmake_prefix_path.ps1'
[58.167s] DEBUG:colcon.colcon_core.event_handler.log_command:Invoked command in '/home/epriauto/ros2_ws/camera/zed-camera-wrapper/build/zed_tutorial_pos_tracking' returned '0': CMAKE_PREFIX_PATH=${CMAKE_PREFIX_PATH}:/opt/ros/humble /usr/bin/cmake --install /home/epriauto/ros2_ws/camera/zed-camera-wrapper/build/zed_tutorial_pos_tracking
[58.177s] INFO:colcon.colcon_core.shell:Creating environment descriptor '/home/epriauto/ros2_ws/camera/zed-camera-wrapper/install/zed_tutorial_pos_tracking/share/zed_tutorial_pos_tracking/hook/cmake_prefix_path.dsv'
[58.179s] INFO:colcon.colcon_core.shell:Creating environment hook '/home/epriauto/ros2_ws/camera/zed-camera-wrapper/install/zed_tutorial_pos_tracking/share/zed_tutorial_pos_tracking/hook/cmake_prefix_path.sh'
[58.181s] Level 1:colcon.colcon_core.environment:checking '/home/epriauto/ros2_ws/camera/zed-camera-wrapper/install/zed_tutorial_pos_tracking/lib'
[58.181s] Level 1:colcon.colcon_core.environment:checking '/home/epriauto/ros2_ws/camera/zed-camera-wrapper/install/zed_tutorial_pos_tracking/bin'
[58.181s] Level 1:colcon.colcon_core.environment:checking '/home/epriauto/ros2_ws/camera/zed-camera-wrapper/install/zed_tutorial_pos_tracking/lib/pkgconfig/zed_tutorial_pos_tracking.pc'
[58.182s] Level 1:colcon.colcon_core.environment:checking '/home/epriauto/ros2_ws/camera/zed-camera-wrapper/install/zed_tutorial_pos_tracking/lib/python3.10/site-packages'
[58.182s] Level 1:colcon.colcon_core.environment:checking '/home/epriauto/ros2_ws/camera/zed-camera-wrapper/install/zed_tutorial_pos_tracking/bin'
[58.183s] INFO:colcon.colcon_core.shell:Creating package script '/home/epriauto/ros2_ws/camera/zed-camera-wrapper/install/zed_tutorial_pos_tracking/share/zed_tutorial_pos_tracking/package.ps1'
[58.184s] INFO:colcon.colcon_core.shell:Creating package descriptor '/home/epriauto/ros2_ws/camera/zed-camera-wrapper/install/zed_tutorial_pos_tracking/share/zed_tutorial_pos_tracking/package.dsv'
[58.185s] INFO:colcon.colcon_core.shell:Creating package script '/home/epriauto/ros2_ws/camera/zed-camera-wrapper/install/zed_tutorial_pos_tracking/share/zed_tutorial_pos_tracking/package.sh'
[58.202s] INFO:colcon.colcon_core.shell:Creating package script '/home/epriauto/ros2_ws/camera/zed-camera-wrapper/install/zed_tutorial_pos_tracking/share/zed_tutorial_pos_tracking/package.bash'
[58.203s] INFO:colcon.colcon_core.shell:Creating package script '/home/epriauto/ros2_ws/camera/zed-camera-wrapper/install/zed_tutorial_pos_tracking/share/zed_tutorial_pos_tracking/package.zsh'
[58.212s] Level 1:colcon.colcon_core.environment:create_file_with_runtime_dependencies(/home/epriauto/ros2_ws/camera/zed-camera-wrapper/install/zed_tutorial_pos_tracking/share/colcon-core/packages/zed_tutorial_pos_tracking)
[58.214s] Level 1:colcon.colcon_core.environment:create_environment_scripts_only(zed_tutorial_pos_tracking)
[58.215s] Level 1:colcon.colcon_core.environment:checking '/home/epriauto/ros2_ws/camera/zed-camera-wrapper/install/zed_tutorial_pos_tracking' for CMake module files
[58.216s] Level 1:colcon.colcon_core.environment:checking '/home/epriauto/ros2_ws/camera/zed-camera-wrapper/install/zed_tutorial_pos_tracking' for CMake config files
[58.218s] Level 1:colcon.colcon_core.shell:create_environment_hook('zed_tutorial_pos_tracking', 'cmake_prefix_path')
[58.219s] INFO:colcon.colcon_core.shell:Creating environment hook '/home/epriauto/ros2_ws/camera/zed-camera-wrapper/install/zed_tutorial_pos_tracking/share/zed_tutorial_pos_tracking/hook/cmake_prefix_path.ps1'
[58.220s] INFO:colcon.colcon_core.shell:Creating environment descriptor '/home/epriauto/ros2_ws/camera/zed-camera-wrapper/install/zed_tutorial_pos_tracking/share/zed_tutorial_pos_tracking/hook/cmake_prefix_path.dsv'
[58.221s] INFO:colcon.colcon_core.shell:Creating environment hook '/home/epriauto/ros2_ws/camera/zed-camera-wrapper/install/zed_tutorial_pos_tracking/share/zed_tutorial_pos_tracking/hook/cmake_prefix_path.sh'
[58.223s] Level 1:colcon.colcon_core.environment:checking '/home/epriauto/ros2_ws/camera/zed-camera-wrapper/install/zed_tutorial_pos_tracking/lib'
[58.223s] Level 1:colcon.colcon_core.environment:checking '/home/epriauto/ros2_ws/camera/zed-camera-wrapper/install/zed_tutorial_pos_tracking/bin'
[58.223s] Level 1:colcon.colcon_core.environment:checking '/home/epriauto/ros2_ws/camera/zed-camera-wrapper/install/zed_tutorial_pos_tracking/lib/pkgconfig/zed_tutorial_pos_tracking.pc'
[58.224s] Level 1:colcon.colcon_core.environment:checking '/home/epriauto/ros2_ws/camera/zed-camera-wrapper/install/zed_tutorial_pos_tracking/lib/python3.10/site-packages'
[58.224s] Level 1:colcon.colcon_core.environment:checking '/home/epriauto/ros2_ws/camera/zed-camera-wrapper/install/zed_tutorial_pos_tracking/bin'
[58.225s] INFO:colcon.colcon_core.shell:Creating package script '/home/epriauto/ros2_ws/camera/zed-camera-wrapper/install/zed_tutorial_pos_tracking/share/zed_tutorial_pos_tracking/package.ps1'
[58.226s] INFO:colcon.colcon_core.shell:Creating package descriptor '/home/epriauto/ros2_ws/camera/zed-camera-wrapper/install/zed_tutorial_pos_tracking/share/zed_tutorial_pos_tracking/package.dsv'
[58.232s] INFO:colcon.colcon_core.shell:Creating package script '/home/epriauto/ros2_ws/camera/zed-camera-wrapper/install/zed_tutorial_pos_tracking/share/zed_tutorial_pos_tracking/package.sh'
[58.234s] INFO:colcon.colcon_core.shell:Creating package script '/home/epriauto/ros2_ws/camera/zed-camera-wrapper/install/zed_tutorial_pos_tracking/share/zed_tutorial_pos_tracking/package.bash'
[58.235s] INFO:colcon.colcon_core.shell:Creating package script '/home/epriauto/ros2_ws/camera/zed-camera-wrapper/install/zed_tutorial_pos_tracking/share/zed_tutorial_pos_tracking/package.zsh'
[58.237s] Level 1:colcon.colcon_core.environment:create_file_with_runtime_dependencies(/home/epriauto/ros2_ws/camera/zed-camera-wrapper/install/zed_tutorial_pos_tracking/share/colcon-core/packages/zed_tutorial_pos_tracking)
[58.240s] INFO:colcon.colcon_ros.task.ament_cmake.build:Building ROS package in '/home/epriauto/ros2_ws/camera/zed-camera-wrapper/src/zed-ros2-examples/zed_display_rviz2' with build type 'ament_cmake'
[58.241s] INFO:colcon.colcon_cmake.task.cmake.build:Building CMake package in '/home/epriauto/ros2_ws/camera/zed-camera-wrapper/src/zed-ros2-examples/zed_display_rviz2'
[58.241s] INFO:colcon.colcon_core.shell:Skip shell extension 'powershell' for command environment: Not usable outside of PowerShell
[58.241s] DEBUG:colcon.colcon_core.shell:Skip shell extension 'dsv' for command environment
[58.257s] DEBUG:colcon.colcon_core.event_handler.log_command:Invoked command in '/home/epriauto/ros2_ws/camera/zed-camera-wrapper/build/zed_depth_to_laserscan' returned '0': CMAKE_PREFIX_PATH=/home/epriauto/ros2_ws/camera/zed-camera-wrapper/install/zed_wrapper:/home/epriauto/ros2_ws/camera/zed-camera-wrapper/install/zed_components:/home/epriauto/ros2_ws/camera/zed-camera-wrapper/install/zed_ros2:/opt/ros/humble /usr/bin/cmake --build /home/epriauto/ros2_ws/camera/zed-camera-wrapper/build/zed_depth_to_laserscan -- -j6 -l6
[58.262s] DEBUG:colcon.colcon_core.event_handler.log_command:Invoking command in '/home/epriauto/ros2_ws/camera/zed-camera-wrapper/build/zed_depth_to_laserscan': CMAKE_PREFIX_PATH=/home/epriauto/ros2_ws/camera/zed-camera-wrapper/install/zed_wrapper:/home/epriauto/ros2_ws/camera/zed-camera-wrapper/install/zed_components:/home/epriauto/ros2_ws/camera/zed-camera-wrapper/install/zed_ros2:/opt/ros/humble /usr/bin/cmake --install /home/epriauto/ros2_ws/camera/zed-camera-wrapper/build/zed_depth_to_laserscan
[58.278s] DEBUG:colcon.colcon_core.event_handler.log_command:Invoked command in '/home/epriauto/ros2_ws/camera/zed-camera-wrapper/build/zed_rgb_convert' returned '0': CMAKE_PREFIX_PATH=/home/epriauto/ros2_ws/camera/zed-camera-wrapper/install/zed_components:/home/epriauto/ros2_ws/camera/zed-camera-wrapper/install/zed_ros2:/home/epriauto/ros2_ws/camera/zed-camera-wrapper/install/zed_wrapper:/opt/ros/humble /usr/bin/cmake /home/epriauto/ros2_ws/camera/zed-camera-wrapper/src/zed-ros2-examples/tutorials/zed_rgb_convert -DCMAKE_BUILD_TYPE=Release -DAMENT_CMAKE_SYMLINK_INSTALL=1 -DCMAKE_INSTALL_PREFIX=/home/epriauto/ros2_ws/camera/zed-camera-wrapper/install/zed_rgb_convert
[58.279s] DEBUG:colcon.colcon_core.event_handler.log_command:Invoking command in '/home/epriauto/ros2_ws/camera/zed-camera-wrapper/build/zed_rgb_convert': CMAKE_PREFIX_PATH=/home/epriauto/ros2_ws/camera/zed-camera-wrapper/install/zed_components:/home/epriauto/ros2_ws/camera/zed-camera-wrapper/install/zed_ros2:/home/epriauto/ros2_ws/camera/zed-camera-wrapper/install/zed_wrapper:/opt/ros/humble /usr/bin/cmake --build /home/epriauto/ros2_ws/camera/zed-camera-wrapper/build/zed_rgb_convert -- -j6 -l6
[58.298s] DEBUG:colcon.colcon_core.event_handler.log_command:Invoking command in '/home/epriauto/ros2_ws/camera/zed-camera-wrapper/build/zed_display_rviz2': CMAKE_PREFIX_PATH=/home/epriauto/ros2_ws/camera/zed-camera-wrapper/install/zed_wrapper:/home/epriauto/ros2_ws/camera/zed-camera-wrapper/install/zed_components:/home/epriauto/ros2_ws/camera/zed-camera-wrapper/install/zed_ros2:/opt/ros/humble /usr/bin/cmake /home/epriauto/ros2_ws/camera/zed-camera-wrapper/src/zed-ros2-examples/zed_display_rviz2 -DCMAKE_BUILD_TYPE=Release -DAMENT_CMAKE_SYMLINK_INSTALL=1 -DCMAKE_INSTALL_PREFIX=/home/epriauto/ros2_ws/camera/zed-camera-wrapper/install/zed_display_rviz2
[58.790s] Level 1:colcon.colcon_core.environment:create_environment_scripts_only(zed_depth_to_laserscan)
[58.791s] Level 1:colcon.colcon_core.environment:checking '/home/epriauto/ros2_ws/camera/zed-camera-wrapper/install/zed_depth_to_laserscan' for CMake module files
[58.792s] Level 1:colcon.colcon_core.environment:checking '/home/epriauto/ros2_ws/camera/zed-camera-wrapper/install/zed_depth_to_laserscan' for CMake config files
[58.793s] Level 1:colcon.colcon_core.shell:create_environment_hook('zed_depth_to_laserscan', 'cmake_prefix_path')
[58.794s] INFO:colcon.colcon_core.shell:Creating environment hook '/home/epriauto/ros2_ws/camera/zed-camera-wrapper/install/zed_depth_to_laserscan/share/zed_depth_to_laserscan/hook/cmake_prefix_path.ps1'
[58.796s] DEBUG:colcon.colcon_core.event_handler.log_command:Invoked command in '/home/epriauto/ros2_ws/camera/zed-camera-wrapper/build/zed_depth_to_laserscan' returned '0': CMAKE_PREFIX_PATH=/home/epriauto/ros2_ws/camera/zed-camera-wrapper/install/zed_wrapper:/home/epriauto/ros2_ws/camera/zed-camera-wrapper/install/zed_components:/home/epriauto/ros2_ws/camera/zed-camera-wrapper/install/zed_ros2:/opt/ros/humble /usr/bin/cmake --install /home/epriauto/ros2_ws/camera/zed-camera-wrapper/build/zed_depth_to_laserscan
[58.796s] INFO:colcon.colcon_core.shell:Creating environment descriptor '/home/epriauto/ros2_ws/camera/zed-camera-wrapper/install/zed_depth_to_laserscan/share/zed_depth_to_laserscan/hook/cmake_prefix_path.dsv'
[58.797s] INFO:colcon.colcon_core.shell:Creating environment hook '/home/epriauto/ros2_ws/camera/zed-camera-wrapper/install/zed_depth_to_laserscan/share/zed_depth_to_laserscan/hook/cmake_prefix_path.sh'
[58.799s] Level 1:colcon.colcon_core.environment:checking '/home/epriauto/ros2_ws/camera/zed-camera-wrapper/install/zed_depth_to_laserscan/bin'
[58.799s] Level 1:colcon.colcon_core.environment:checking '/home/epriauto/ros2_ws/camera/zed-camera-wrapper/install/zed_depth_to_laserscan/lib/pkgconfig/zed_depth_to_laserscan.pc'
[58.799s] Level 1:colcon.colcon_core.environment:checking '/home/epriauto/ros2_ws/camera/zed-camera-wrapper/install/zed_depth_to_laserscan/lib/python3.10/site-packages'
[58.800s] Level 1:colcon.colcon_core.environment:checking '/home/epriauto/ros2_ws/camera/zed-camera-wrapper/install/zed_depth_to_laserscan/bin'
[58.801s] INFO:colcon.colcon_core.shell:Creating package script '/home/epriauto/ros2_ws/camera/zed-camera-wrapper/install/zed_depth_to_laserscan/share/zed_depth_to_laserscan/package.ps1'
[58.802s] INFO:colcon.colcon_core.shell:Creating package descriptor '/home/epriauto/ros2_ws/camera/zed-camera-wrapper/install/zed_depth_to_laserscan/share/zed_depth_to_laserscan/package.dsv'
[58.803s] INFO:colcon.colcon_core.shell:Creating package script '/home/epriauto/ros2_ws/camera/zed-camera-wrapper/install/zed_depth_to_laserscan/share/zed_depth_to_laserscan/package.sh'
[58.804s] INFO:colcon.colcon_core.shell:Creating package script '/home/epriauto/ros2_ws/camera/zed-camera-wrapper/install/zed_depth_to_laserscan/share/zed_depth_to_laserscan/package.bash'
[58.805s] INFO:colcon.colcon_core.shell:Creating package script '/home/epriauto/ros2_ws/camera/zed-camera-wrapper/install/zed_depth_to_laserscan/share/zed_depth_to_laserscan/package.zsh'
[58.806s] Level 1:colcon.colcon_core.environment:create_file_with_runtime_dependencies(/home/epriauto/ros2_ws/camera/zed-camera-wrapper/install/zed_depth_to_laserscan/share/colcon-core/packages/zed_depth_to_laserscan)
[58.807s] Level 1:colcon.colcon_core.environment:create_environment_scripts_only(zed_depth_to_laserscan)
[58.808s] Level 1:colcon.colcon_core.environment:checking '/home/epriauto/ros2_ws/camera/zed-camera-wrapper/install/zed_depth_to_laserscan' for CMake module files
[58.811s] Level 1:colcon.colcon_core.environment:checking '/home/epriauto/ros2_ws/camera/zed-camera-wrapper/install/zed_depth_to_laserscan' for CMake config files
[58.813s] Level 1:colcon.colcon_core.shell:create_environment_hook('zed_depth_to_laserscan', 'cmake_prefix_path')
[58.814s] INFO:colcon.colcon_core.shell:Creating environment hook '/home/epriauto/ros2_ws/camera/zed-camera-wrapper/install/zed_depth_to_laserscan/share/zed_depth_to_laserscan/hook/cmake_prefix_path.ps1'
[58.820s] INFO:colcon.colcon_core.shell:Creating environment descriptor '/home/epriauto/ros2_ws/camera/zed-camera-wrapper/install/zed_depth_to_laserscan/share/zed_depth_to_laserscan/hook/cmake_prefix_path.dsv'
[58.822s] INFO:colcon.colcon_core.shell:Creating environment hook '/home/epriauto/ros2_ws/camera/zed-camera-wrapper/install/zed_depth_to_laserscan/share/zed_depth_to_laserscan/hook/cmake_prefix_path.sh'
[58.824s] Level 1:colcon.colcon_core.environment:checking '/home/epriauto/ros2_ws/camera/zed-camera-wrapper/install/zed_depth_to_laserscan/bin'
[58.824s] Level 1:colcon.colcon_core.environment:checking '/home/epriauto/ros2_ws/camera/zed-camera-wrapper/install/zed_depth_to_laserscan/lib/pkgconfig/zed_depth_to_laserscan.pc'
[58.825s] Level 1:colcon.colcon_core.environment:checking '/home/epriauto/ros2_ws/camera/zed-camera-wrapper/install/zed_depth_to_laserscan/lib/python3.10/site-packages'
[58.826s] Level 1:colcon.colcon_core.environment:checking '/home/epriauto/ros2_ws/camera/zed-camera-wrapper/install/zed_depth_to_laserscan/bin'
[58.827s] INFO:colcon.colcon_core.shell:Creating package script '/home/epriauto/ros2_ws/camera/zed-camera-wrapper/install/zed_depth_to_laserscan/share/zed_depth_to_laserscan/package.ps1'
[58.829s] INFO:colcon.colcon_core.shell:Creating package descriptor '/home/epriauto/ros2_ws/camera/zed-camera-wrapper/install/zed_depth_to_laserscan/share/zed_depth_to_laserscan/package.dsv'
[58.830s] INFO:colcon.colcon_core.shell:Creating package script '/home/epriauto/ros2_ws/camera/zed-camera-wrapper/install/zed_depth_to_laserscan/share/zed_depth_to_laserscan/package.sh'
[58.832s] INFO:colcon.colcon_core.shell:Creating package script '/home/epriauto/ros2_ws/camera/zed-camera-wrapper/install/zed_depth_to_laserscan/share/zed_depth_to_laserscan/package.bash'
[58.833s] INFO:colcon.colcon_core.shell:Creating package script '/home/epriauto/ros2_ws/camera/zed-camera-wrapper/install/zed_depth_to_laserscan/share/zed_depth_to_laserscan/package.zsh'
[58.834s] Level 1:colcon.colcon_core.environment:create_file_with_runtime_dependencies(/home/epriauto/ros2_ws/camera/zed-camera-wrapper/install/zed_depth_to_laserscan/share/colcon-core/packages/zed_depth_to_laserscan)
[58.839s] INFO:colcon.colcon_ros.task.ament_cmake.build:Building ROS package in '/home/epriauto/ros2_ws/camera/zed-camera-wrapper/src/zed-ros2-examples/tutorials/zed_robot_integration' with build type 'ament_cmake'
[58.840s] INFO:colcon.colcon_cmake.task.cmake.build:Building CMake package in '/home/epriauto/ros2_ws/camera/zed-camera-wrapper/src/zed-ros2-examples/tutorials/zed_robot_integration'
[58.841s] INFO:colcon.colcon_core.shell:Skip shell extension 'powershell' for command environment: Not usable outside of PowerShell
[58.841s] DEBUG:colcon.colcon_core.shell:Skip shell extension 'dsv' for command environment
[58.916s] DEBUG:colcon.colcon_core.event_handler.log_command:Invoking command in '/home/epriauto/ros2_ws/camera/zed-camera-wrapper/build/zed_robot_integration': CMAKE_PREFIX_PATH=/home/epriauto/ros2_ws/camera/zed-camera-wrapper/install/zed_wrapper:/home/epriauto/ros2_ws/camera/zed-camera-wrapper/install/zed_components:/home/epriauto/ros2_ws/camera/zed-camera-wrapper/install/zed_ros2:/opt/ros/humble /usr/bin/cmake /home/epriauto/ros2_ws/camera/zed-camera-wrapper/src/zed-ros2-examples/tutorials/zed_robot_integration -DCMAKE_BUILD_TYPE=Release -DAMENT_CMAKE_SYMLINK_INSTALL=1 -DCMAKE_INSTALL_PREFIX=/home/epriauto/ros2_ws/camera/zed-camera-wrapper/install/zed_robot_integration
[58.969s] DEBUG:colcon.colcon_core.event_handler.log_command:Invoked command in '/home/epriauto/ros2_ws/camera/zed-camera-wrapper/build/zed_topic_benchmark_component' returned '0': AMENT_PREFIX_PATH=/home/epriauto/ros2_ws/camera/zed-camera-wrapper/install/zed_topic_benchmark_interfaces:${AMENT_PREFIX_PATH} CMAKE_PREFIX_PATH=/home/epriauto/ros2_ws/camera/zed-camera-wrapper/install/zed_topic_benchmark_interfaces:/home/epriauto/ros2_ws/camera/zed-camera-wrapper/install/zed_ros2:/home/epriauto/ros2_ws/camera/zed-camera-wrapper/install/zed_wrapper:/home/epriauto/ros2_ws/camera/zed-camera-wrapper/install/zed_components:/opt/ros/humble LD_LIBRARY_PATH=/home/epriauto/ros2_ws/camera/zed-camera-wrapper/install/zed_topic_benchmark_interfaces/lib:${LD_LIBRARY_PATH} PYTHONPATH=/home/epriauto/ros2_ws/camera/zed-camera-wrapper/install/zed_topic_benchmark_interfaces/local/lib/python3.10/dist-packages:${PYTHONPATH} /usr/bin/cmake --build /home/epriauto/ros2_ws/camera/zed-camera-wrapper/build/zed_topic_benchmark_component -- -j6 -l6
[58.983s] DEBUG:colcon.colcon_core.event_handler.log_command:Invoking command in '/home/epriauto/ros2_ws/camera/zed-camera-wrapper/build/zed_topic_benchmark_component': AMENT_PREFIX_PATH=/home/epriauto/ros2_ws/camera/zed-camera-wrapper/install/zed_topic_benchmark_interfaces:${AMENT_PREFIX_PATH} CMAKE_PREFIX_PATH=/home/epriauto/ros2_ws/camera/zed-camera-wrapper/install/zed_topic_benchmark_interfaces:/home/epriauto/ros2_ws/camera/zed-camera-wrapper/install/zed_ros2:/home/epriauto/ros2_ws/camera/zed-camera-wrapper/install/zed_wrapper:/home/epriauto/ros2_ws/camera/zed-camera-wrapper/install/zed_components:/opt/ros/humble LD_LIBRARY_PATH=/home/epriauto/ros2_ws/camera/zed-camera-wrapper/install/zed_topic_benchmark_interfaces/lib:${LD_LIBRARY_PATH} PYTHONPATH=/home/epriauto/ros2_ws/camera/zed-camera-wrapper/install/zed_topic_benchmark_interfaces/local/lib/python3.10/dist-packages:${PYTHONPATH} /usr/bin/cmake --install /home/epriauto/ros2_ws/camera/zed-camera-wrapper/build/zed_topic_benchmark_component
[60.353s] DEBUG:colcon.colcon_core.event_handler.log_command:Invoked command in '/home/epriauto/ros2_ws/camera/zed-camera-wrapper/build/zed_display_rviz2' returned '0': CMAKE_PREFIX_PATH=/home/epriauto/ros2_ws/camera/zed-camera-wrapper/install/zed_wrapper:/home/epriauto/ros2_ws/camera/zed-camera-wrapper/install/zed_components:/home/epriauto/ros2_ws/camera/zed-camera-wrapper/install/zed_ros2:/opt/ros/humble /usr/bin/cmake /home/epriauto/ros2_ws/camera/zed-camera-wrapper/src/zed-ros2-examples/zed_display_rviz2 -DCMAKE_BUILD_TYPE=Release -DAMENT_CMAKE_SYMLINK_INSTALL=1 -DCMAKE_INSTALL_PREFIX=/home/epriauto/ros2_ws/camera/zed-camera-wrapper/install/zed_display_rviz2
[60.354s] DEBUG:colcon.colcon_core.event_handler.log_command:Invoking command in '/home/epriauto/ros2_ws/camera/zed-camera-wrapper/build/zed_display_rviz2': CMAKE_PREFIX_PATH=/home/epriauto/ros2_ws/camera/zed-camera-wrapper/install/zed_wrapper:/home/epriauto/ros2_ws/camera/zed-camera-wrapper/install/zed_components:/home/epriauto/ros2_ws/camera/zed-camera-wrapper/install/zed_ros2:/opt/ros/humble /usr/bin/cmake --build /home/epriauto/ros2_ws/camera/zed-camera-wrapper/build/zed_display_rviz2 -- -j6 -l6
[60.363s] Level 1:colcon.colcon_core.environment:create_environment_scripts_only(zed_topic_benchmark_component)
[60.365s] Level 1:colcon.colcon_core.environment:checking '/home/epriauto/ros2_ws/camera/zed-camera-wrapper/install/zed_topic_benchmark_component' for CMake module files
[60.366s] Level 1:colcon.colcon_core.environment:checking '/home/epriauto/ros2_ws/camera/zed-camera-wrapper/install/zed_topic_benchmark_component' for CMake config files
[60.367s] Level 1:colcon.colcon_core.shell:create_environment_hook('zed_topic_benchmark_component', 'cmake_prefix_path')
[60.367s] INFO:colcon.colcon_core.shell:Creating environment hook '/home/epriauto/ros2_ws/camera/zed-camera-wrapper/install/zed_topic_benchmark_component/share/zed_topic_benchmark_component/hook/cmake_prefix_path.ps1'
[60.368s] INFO:colcon.colcon_core.shell:Creating environment descriptor '/home/epriauto/ros2_ws/camera/zed-camera-wrapper/install/zed_topic_benchmark_component/share/zed_topic_benchmark_component/hook/cmake_prefix_path.dsv'
[60.369s] INFO:colcon.colcon_core.shell:Creating environment hook '/home/epriauto/ros2_ws/camera/zed-camera-wrapper/install/zed_topic_benchmark_component/share/zed_topic_benchmark_component/hook/cmake_prefix_path.sh'
[60.372s] Level 1:colcon.colcon_core.environment:checking '/home/epriauto/ros2_ws/camera/zed-camera-wrapper/install/zed_topic_benchmark_component/lib'
[60.373s] Level 1:colcon.colcon_core.shell:create_environment_hook('zed_topic_benchmark_component', 'ld_library_path_lib')
[60.377s] INFO:colcon.colcon_core.shell:Creating environment hook '/home/epriauto/ros2_ws/camera/zed-camera-wrapper/install/zed_topic_benchmark_component/share/zed_topic_benchmark_component/hook/ld_library_path_lib.ps1'
[60.392s] DEBUG:colcon.colcon_core.event_handler.log_command:Invoked command in '/home/epriauto/ros2_ws/camera/zed-camera-wrapper/build/zed_topic_benchmark_component' returned '0': AMENT_PREFIX_PATH=/home/epriauto/ros2_ws/camera/zed-camera-wrapper/install/zed_topic_benchmark_interfaces:${AMENT_PREFIX_PATH} CMAKE_PREFIX_PATH=/home/epriauto/ros2_ws/camera/zed-camera-wrapper/install/zed_topic_benchmark_interfaces:/home/epriauto/ros2_ws/camera/zed-camera-wrapper/install/zed_ros2:/home/epriauto/ros2_ws/camera/zed-camera-wrapper/install/zed_wrapper:/home/epriauto/ros2_ws/camera/zed-camera-wrapper/install/zed_components:/opt/ros/humble LD_LIBRARY_PATH=/home/epriauto/ros2_ws/camera/zed-camera-wrapper/install/zed_topic_benchmark_interfaces/lib:${LD_LIBRARY_PATH} PYTHONPATH=/home/epriauto/ros2_ws/camera/zed-camera-wrapper/install/zed_topic_benchmark_interfaces/local/lib/python3.10/dist-packages:${PYTHONPATH} /usr/bin/cmake --install /home/epriauto/ros2_ws/camera/zed-camera-wrapper/build/zed_topic_benchmark_component
[60.395s] INFO:colcon.colcon_core.shell:Creating environment descriptor '/home/epriauto/ros2_ws/camera/zed-camera-wrapper/install/zed_topic_benchmark_component/share/zed_topic_benchmark_component/hook/ld_library_path_lib.dsv'
[60.396s] INFO:colcon.colcon_core.shell:Creating environment hook '/home/epriauto/ros2_ws/camera/zed-camera-wrapper/install/zed_topic_benchmark_component/share/zed_topic_benchmark_component/hook/ld_library_path_lib.sh'
[60.397s] Level 1:colcon.colcon_core.environment:checking '/home/epriauto/ros2_ws/camera/zed-camera-wrapper/install/zed_topic_benchmark_component/bin'
[60.397s] Level 1:colcon.colcon_core.environment:checking '/home/epriauto/ros2_ws/camera/zed-camera-wrapper/install/zed_topic_benchmark_component/lib/pkgconfig/zed_topic_benchmark_component.pc'
[60.397s] Level 1:colcon.colcon_core.environment:checking '/home/epriauto/ros2_ws/camera/zed-camera-wrapper/install/zed_topic_benchmark_component/lib/python3.10/site-packages'
[60.398s] Level 1:colcon.colcon_core.environment:checking '/home/epriauto/ros2_ws/camera/zed-camera-wrapper/install/zed_topic_benchmark_component/bin'
[60.403s] INFO:colcon.colcon_core.shell:Creating package script '/home/epriauto/ros2_ws/camera/zed-camera-wrapper/install/zed_topic_benchmark_component/share/zed_topic_benchmark_component/package.ps1'
[60.404s] INFO:colcon.colcon_core.shell:Creating package descriptor '/home/epriauto/ros2_ws/camera/zed-camera-wrapper/install/zed_topic_benchmark_component/share/zed_topic_benchmark_component/package.dsv'
[60.406s] INFO:colcon.colcon_core.shell:Creating package script '/home/epriauto/ros2_ws/camera/zed-camera-wrapper/install/zed_topic_benchmark_component/share/zed_topic_benchmark_component/package.sh'
[60.416s] INFO:colcon.colcon_core.shell:Creating package script '/home/epriauto/ros2_ws/camera/zed-camera-wrapper/install/zed_topic_benchmark_component/share/zed_topic_benchmark_component/package.bash'
[60.418s] INFO:colcon.colcon_core.shell:Creating package script '/home/epriauto/ros2_ws/camera/zed-camera-wrapper/install/zed_topic_benchmark_component/share/zed_topic_benchmark_component/package.zsh'
[60.424s] Level 1:colcon.colcon_core.environment:create_file_with_runtime_dependencies(/home/epriauto/ros2_ws/camera/zed-camera-wrapper/install/zed_topic_benchmark_component/share/colcon-core/packages/zed_topic_benchmark_component)
[60.426s] Level 1:colcon.colcon_core.environment:create_environment_scripts_only(zed_topic_benchmark_component)
[60.426s] Level 1:colcon.colcon_core.environment:checking '/home/epriauto/ros2_ws/camera/zed-camera-wrapper/install/zed_topic_benchmark_component' for CMake module files
[60.428s] Level 1:colcon.colcon_core.environment:checking '/home/epriauto/ros2_ws/camera/zed-camera-wrapper/install/zed_topic_benchmark_component' for CMake config files
[60.428s] Level 1:colcon.colcon_core.shell:create_environment_hook('zed_topic_benchmark_component', 'cmake_prefix_path')
[60.429s] INFO:colcon.colcon_core.shell:Creating environment hook '/home/epriauto/ros2_ws/camera/zed-camera-wrapper/install/zed_topic_benchmark_component/share/zed_topic_benchmark_component/hook/cmake_prefix_path.ps1'
[60.433s] INFO:colcon.colcon_core.shell:Creating environment descriptor '/home/epriauto/ros2_ws/camera/zed-camera-wrapper/install/zed_topic_benchmark_component/share/zed_topic_benchmark_component/hook/cmake_prefix_path.dsv'
[60.435s] INFO:colcon.colcon_core.shell:Creating environment hook '/home/epriauto/ros2_ws/camera/zed-camera-wrapper/install/zed_topic_benchmark_component/share/zed_topic_benchmark_component/hook/cmake_prefix_path.sh'
[60.437s] Level 1:colcon.colcon_core.environment:checking '/home/epriauto/ros2_ws/camera/zed-camera-wrapper/install/zed_topic_benchmark_component/lib'
[60.438s] Level 1:colcon.colcon_core.shell:create_environment_hook('zed_topic_benchmark_component', 'ld_library_path_lib')
[60.439s] INFO:colcon.colcon_core.shell:Creating environment hook '/home/epriauto/ros2_ws/camera/zed-camera-wrapper/install/zed_topic_benchmark_component/share/zed_topic_benchmark_component/hook/ld_library_path_lib.ps1'
[60.440s] INFO:colcon.colcon_core.shell:Creating environment descriptor '/home/epriauto/ros2_ws/camera/zed-camera-wrapper/install/zed_topic_benchmark_component/share/zed_topic_benchmark_component/hook/ld_library_path_lib.dsv'
[60.449s] INFO:colcon.colcon_core.shell:Creating environment hook '/home/epriauto/ros2_ws/camera/zed-camera-wrapper/install/zed_topic_benchmark_component/share/zed_topic_benchmark_component/hook/ld_library_path_lib.sh'
[60.451s] Level 1:colcon.colcon_core.environment:checking '/home/epriauto/ros2_ws/camera/zed-camera-wrapper/install/zed_topic_benchmark_component/bin'
[60.452s] Level 1:colcon.colcon_core.environment:checking '/home/epriauto/ros2_ws/camera/zed-camera-wrapper/install/zed_topic_benchmark_component/lib/pkgconfig/zed_topic_benchmark_component.pc'
[60.453s] Level 1:colcon.colcon_core.environment:checking '/home/epriauto/ros2_ws/camera/zed-camera-wrapper/install/zed_topic_benchmark_component/lib/python3.10/site-packages'
[60.455s] Level 1:colcon.colcon_core.environment:checking '/home/epriauto/ros2_ws/camera/zed-camera-wrapper/install/zed_topic_benchmark_component/bin'
[60.456s] INFO:colcon.colcon_core.shell:Creating package script '/home/epriauto/ros2_ws/camera/zed-camera-wrapper/install/zed_topic_benchmark_component/share/zed_topic_benchmark_component/package.ps1'
[60.460s] INFO:colcon.colcon_core.shell:Creating package descriptor '/home/epriauto/ros2_ws/camera/zed-camera-wrapper/install/zed_topic_benchmark_component/share/zed_topic_benchmark_component/package.dsv'
[60.469s] INFO:colcon.colcon_core.shell:Creating package script '/home/epriauto/ros2_ws/camera/zed-camera-wrapper/install/zed_topic_benchmark_component/share/zed_topic_benchmark_component/package.sh'
[60.472s] INFO:colcon.colcon_core.shell:Creating package script '/home/epriauto/ros2_ws/camera/zed-camera-wrapper/install/zed_topic_benchmark_component/share/zed_topic_benchmark_component/package.bash'
[60.474s] INFO:colcon.colcon_core.shell:Creating package script '/home/epriauto/ros2_ws/camera/zed-camera-wrapper/install/zed_topic_benchmark_component/share/zed_topic_benchmark_component/package.zsh'
[60.475s] Level 1:colcon.colcon_core.environment:create_file_with_runtime_dependencies(/home/epriauto/ros2_ws/camera/zed-camera-wrapper/install/zed_topic_benchmark_component/share/colcon-core/packages/zed_topic_benchmark_component)
[60.479s] INFO:colcon.colcon_ros.task.ament_cmake.build:Building ROS package in '/home/epriauto/ros2_ws/camera/zed-camera-wrapper/src/zed-ros2-wrapper/zed_ros2' with build type 'ament_cmake'
[60.480s] INFO:colcon.colcon_cmake.task.cmake.build:Building CMake package in '/home/epriauto/ros2_ws/camera/zed-camera-wrapper/src/zed-ros2-wrapper/zed_ros2'
[60.481s] INFO:colcon.colcon_core.shell:Skip shell extension 'powershell' for command environment: Not usable outside of PowerShell
[60.481s] DEBUG:colcon.colcon_core.shell:Skip shell extension 'dsv' for command environment
[60.520s] DEBUG:colcon.colcon_core.event_handler.log_command:Invoking command in '/home/epriauto/ros2_ws/camera/zed-camera-wrapper/build/zed_ros2': CMAKE_PREFIX_PATH=/home/epriauto/ros2_ws/camera/zed-camera-wrapper/install/zed_wrapper:/home/epriauto/ros2_ws/camera/zed-camera-wrapper/install/zed_components:/home/epriauto/ros2_ws/camera/zed-camera-wrapper/install/zed_ros2:/opt/ros/humble /usr/bin/cmake --build /home/epriauto/ros2_ws/camera/zed-camera-wrapper/build/zed_ros2 -- -j6 -l6
[60.533s] DEBUG:colcon.colcon_core.event_handler.log_command:Invoked command in '/home/epriauto/ros2_ws/camera/zed-camera-wrapper/build/zed_display_rviz2' returned '0': CMAKE_PREFIX_PATH=/home/epriauto/ros2_ws/camera/zed-camera-wrapper/install/zed_wrapper:/home/epriauto/ros2_ws/camera/zed-camera-wrapper/install/zed_components:/home/epriauto/ros2_ws/camera/zed-camera-wrapper/install/zed_ros2:/opt/ros/humble /usr/bin/cmake --build /home/epriauto/ros2_ws/camera/zed-camera-wrapper/build/zed_display_rviz2 -- -j6 -l6
[60.547s] DEBUG:colcon.colcon_core.event_handler.log_command:Invoking command in '/home/epriauto/ros2_ws/camera/zed-camera-wrapper/build/zed_display_rviz2': CMAKE_PREFIX_PATH=/home/epriauto/ros2_ws/camera/zed-camera-wrapper/install/zed_wrapper:/home/epriauto/ros2_ws/camera/zed-camera-wrapper/install/zed_components:/home/epriauto/ros2_ws/camera/zed-camera-wrapper/install/zed_ros2:/opt/ros/humble /usr/bin/cmake --install /home/epriauto/ros2_ws/camera/zed-camera-wrapper/build/zed_display_rviz2
[60.668s] DEBUG:colcon.colcon_core.event_handler.log_command:Invoked command in '/home/epriauto/ros2_ws/camera/zed-camera-wrapper/build/zed_ros2' returned '0': CMAKE_PREFIX_PATH=/home/epriauto/ros2_ws/camera/zed-camera-wrapper/install/zed_wrapper:/home/epriauto/ros2_ws/camera/zed-camera-wrapper/install/zed_components:/home/epriauto/ros2_ws/camera/zed-camera-wrapper/install/zed_ros2:/opt/ros/humble /usr/bin/cmake --build /home/epriauto/ros2_ws/camera/zed-camera-wrapper/build/zed_ros2 -- -j6 -l6
[60.684s] DEBUG:colcon.colcon_core.event_handler.log_command:Invoking command in '/home/epriauto/ros2_ws/camera/zed-camera-wrapper/build/zed_ros2': CMAKE_PREFIX_PATH=/home/epriauto/ros2_ws/camera/zed-camera-wrapper/install/zed_wrapper:/home/epriauto/ros2_ws/camera/zed-camera-wrapper/install/zed_components:/home/epriauto/ros2_ws/camera/zed-camera-wrapper/install/zed_ros2:/opt/ros/humble /usr/bin/cmake --install /home/epriauto/ros2_ws/camera/zed-camera-wrapper/build/zed_ros2
[60.991s] Level 1:colcon.colcon_core.environment:create_environment_scripts_only(zed_ros2)
[60.991s] Level 1:colcon.colcon_core.environment:checking '/home/epriauto/ros2_ws/camera/zed-camera-wrapper/install/zed_ros2' for CMake module files
[60.992s] Level 1:colcon.colcon_core.environment:checking '/home/epriauto/ros2_ws/camera/zed-camera-wrapper/install/zed_ros2' for CMake config files
[60.994s] DEBUG:colcon.colcon_core.event_handler.log_command:Invoked command in '/home/epriauto/ros2_ws/camera/zed-camera-wrapper/build/zed_ros2' returned '0': CMAKE_PREFIX_PATH=/home/epriauto/ros2_ws/camera/zed-camera-wrapper/install/zed_wrapper:/home/epriauto/ros2_ws/camera/zed-camera-wrapper/install/zed_components:/home/epriauto/ros2_ws/camera/zed-camera-wrapper/install/zed_ros2:/opt/ros/humble /usr/bin/cmake --install /home/epriauto/ros2_ws/camera/zed-camera-wrapper/build/zed_ros2
[60.994s] Level 1:colcon.colcon_core.shell:create_environment_hook('zed_ros2', 'cmake_prefix_path')
[60.994s] INFO:colcon.colcon_core.shell:Creating environment hook '/home/epriauto/ros2_ws/camera/zed-camera-wrapper/install/zed_ros2/share/zed_ros2/hook/cmake_prefix_path.ps1'
[60.996s] INFO:colcon.colcon_core.shell:Creating environment descriptor '/home/epriauto/ros2_ws/camera/zed-camera-wrapper/install/zed_ros2/share/zed_ros2/hook/cmake_prefix_path.dsv'
[60.997s] INFO:colcon.colcon_core.shell:Creating environment hook '/home/epriauto/ros2_ws/camera/zed-camera-wrapper/install/zed_ros2/share/zed_ros2/hook/cmake_prefix_path.sh'
[60.998s] Level 1:colcon.colcon_core.environment:checking '/home/epriauto/ros2_ws/camera/zed-camera-wrapper/install/zed_ros2/bin'
[60.998s] Level 1:colcon.colcon_core.environment:checking '/home/epriauto/ros2_ws/camera/zed-camera-wrapper/install/zed_ros2/lib/pkgconfig/zed_ros2.pc'
[60.999s] Level 1:colcon.colcon_core.environment:checking '/home/epriauto/ros2_ws/camera/zed-camera-wrapper/install/zed_ros2/lib/python3.10/site-packages'
[60.999s] Level 1:colcon.colcon_core.environment:checking '/home/epriauto/ros2_ws/camera/zed-camera-wrapper/install/zed_ros2/bin'
[61.000s] INFO:colcon.colcon_core.shell:Creating package script '/home/epriauto/ros2_ws/camera/zed-camera-wrapper/install/zed_ros2/share/zed_ros2/package.ps1'
[61.001s] INFO:colcon.colcon_core.shell:Creating package descriptor '/home/epriauto/ros2_ws/camera/zed-camera-wrapper/install/zed_ros2/share/zed_ros2/package.dsv'
[61.002s] INFO:colcon.colcon_core.shell:Creating package script '/home/epriauto/ros2_ws/camera/zed-camera-wrapper/install/zed_ros2/share/zed_ros2/package.sh'
[61.003s] INFO:colcon.colcon_core.shell:Creating package script '/home/epriauto/ros2_ws/camera/zed-camera-wrapper/install/zed_ros2/share/zed_ros2/package.bash'
[61.003s] INFO:colcon.colcon_core.shell:Creating package script '/home/epriauto/ros2_ws/camera/zed-camera-wrapper/install/zed_ros2/share/zed_ros2/package.zsh'
[61.004s] Level 1:colcon.colcon_core.environment:create_file_with_runtime_dependencies(/home/epriauto/ros2_ws/camera/zed-camera-wrapper/install/zed_ros2/share/colcon-core/packages/zed_ros2)
[61.005s] Level 1:colcon.colcon_core.environment:create_environment_scripts_only(zed_ros2)
[61.010s] Level 1:colcon.colcon_core.environment:checking '/home/epriauto/ros2_ws/camera/zed-camera-wrapper/install/zed_ros2' for CMake module files
[61.012s] Level 1:colcon.colcon_core.environment:checking '/home/epriauto/ros2_ws/camera/zed-camera-wrapper/install/zed_ros2' for CMake config files
[61.012s] Level 1:colcon.colcon_core.shell:create_environment_hook('zed_ros2', 'cmake_prefix_path')
[61.013s] INFO:colcon.colcon_core.shell:Creating environment hook '/home/epriauto/ros2_ws/camera/zed-camera-wrapper/install/zed_ros2/share/zed_ros2/hook/cmake_prefix_path.ps1'
[61.016s] INFO:colcon.colcon_core.shell:Creating environment descriptor '/home/epriauto/ros2_ws/camera/zed-camera-wrapper/install/zed_ros2/share/zed_ros2/hook/cmake_prefix_path.dsv'
[61.019s] INFO:colcon.colcon_core.shell:Creating environment hook '/home/epriauto/ros2_ws/camera/zed-camera-wrapper/install/zed_ros2/share/zed_ros2/hook/cmake_prefix_path.sh'
[61.022s] Level 1:colcon.colcon_core.environment:checking '/home/epriauto/ros2_ws/camera/zed-camera-wrapper/install/zed_ros2/bin'
[61.022s] Level 1:colcon.colcon_core.environment:checking '/home/epriauto/ros2_ws/camera/zed-camera-wrapper/install/zed_ros2/lib/pkgconfig/zed_ros2.pc'
[61.023s] Level 1:colcon.colcon_core.environment:checking '/home/epriauto/ros2_ws/camera/zed-camera-wrapper/install/zed_ros2/lib/python3.10/site-packages'
[61.024s] Level 1:colcon.colcon_core.environment:checking '/home/epriauto/ros2_ws/camera/zed-camera-wrapper/install/zed_ros2/bin'
[61.025s] INFO:colcon.colcon_core.shell:Creating package script '/home/epriauto/ros2_ws/camera/zed-camera-wrapper/install/zed_ros2/share/zed_ros2/package.ps1'
[61.028s] INFO:colcon.colcon_core.shell:Creating package descriptor '/home/epriauto/ros2_ws/camera/zed-camera-wrapper/install/zed_ros2/share/zed_ros2/package.dsv'
[61.030s] INFO:colcon.colcon_core.shell:Creating package script '/home/epriauto/ros2_ws/camera/zed-camera-wrapper/install/zed_ros2/share/zed_ros2/package.sh'
[61.032s] INFO:colcon.colcon_core.shell:Creating package script '/home/epriauto/ros2_ws/camera/zed-camera-wrapper/install/zed_ros2/share/zed_ros2/package.bash'
[61.034s] INFO:colcon.colcon_core.shell:Creating package script '/home/epriauto/ros2_ws/camera/zed-camera-wrapper/install/zed_ros2/share/zed_ros2/package.zsh'
[61.035s] Level 1:colcon.colcon_core.environment:create_file_with_runtime_dependencies(/home/epriauto/ros2_ws/camera/zed-camera-wrapper/install/zed_ros2/share/colcon-core/packages/zed_ros2)
[61.040s] DEBUG:colcon.colcon_core.event_handler.log_command:Invoked command in '/home/epriauto/ros2_ws/camera/zed-camera-wrapper/build/zed_robot_integration' returned '0': CMAKE_PREFIX_PATH=/home/epriauto/ros2_ws/camera/zed-camera-wrapper/install/zed_wrapper:/home/epriauto/ros2_ws/camera/zed-camera-wrapper/install/zed_components:/home/epriauto/ros2_ws/camera/zed-camera-wrapper/install/zed_ros2:/opt/ros/humble /usr/bin/cmake /home/epriauto/ros2_ws/camera/zed-camera-wrapper/src/zed-ros2-examples/tutorials/zed_robot_integration -DCMAKE_BUILD_TYPE=Release -DAMENT_CMAKE_SYMLINK_INSTALL=1 -DCMAKE_INSTALL_PREFIX=/home/epriauto/ros2_ws/camera/zed-camera-wrapper/install/zed_robot_integration
[61.042s] DEBUG:colcon.colcon_core.event_handler.log_command:Invoking command in '/home/epriauto/ros2_ws/camera/zed-camera-wrapper/build/zed_robot_integration': CMAKE_PREFIX_PATH=/home/epriauto/ros2_ws/camera/zed-camera-wrapper/install/zed_wrapper:/home/epriauto/ros2_ws/camera/zed-camera-wrapper/install/zed_components:/home/epriauto/ros2_ws/camera/zed-camera-wrapper/install/zed_ros2:/opt/ros/humble /usr/bin/cmake --build /home/epriauto/ros2_ws/camera/zed-camera-wrapper/build/zed_robot_integration -- -j6 -l6
[61.043s] INFO:colcon.colcon_ros.task.ament_cmake.build:Building ROS package in '/home/epriauto/ros2_ws/camera/zed-camera-wrapper/src/zed-ros2-examples/tools/zed_benchmark' with build type 'ament_cmake'
[61.044s] INFO:colcon.colcon_cmake.task.cmake.build:Building CMake package in '/home/epriauto/ros2_ws/camera/zed-camera-wrapper/src/zed-ros2-examples/tools/zed_benchmark'
[61.044s] INFO:colcon.colcon_core.shell:Skip shell extension 'powershell' for command environment: Not usable outside of PowerShell
[61.044s] DEBUG:colcon.colcon_core.shell:Skip shell extension 'dsv' for command environment
[61.076s] Level 1:colcon.colcon_core.environment:create_environment_scripts_only(zed_display_rviz2)
[61.077s] Level 1:colcon.colcon_core.environment:checking '/home/epriauto/ros2_ws/camera/zed-camera-wrapper/install/zed_display_rviz2' for CMake module files
[61.079s] DEBUG:colcon.colcon_core.event_handler.log_command:Invoked command in '/home/epriauto/ros2_ws/camera/zed-camera-wrapper/build/zed_display_rviz2' returned '0': CMAKE_PREFIX_PATH=/home/epriauto/ros2_ws/camera/zed-camera-wrapper/install/zed_wrapper:/home/epriauto/ros2_ws/camera/zed-camera-wrapper/install/zed_components:/home/epriauto/ros2_ws/camera/zed-camera-wrapper/install/zed_ros2:/opt/ros/humble /usr/bin/cmake --install /home/epriauto/ros2_ws/camera/zed-camera-wrapper/build/zed_display_rviz2
[61.080s] Level 1:colcon.colcon_core.environment:checking '/home/epriauto/ros2_ws/camera/zed-camera-wrapper/install/zed_display_rviz2' for CMake config files
[61.081s] Level 1:colcon.colcon_core.shell:create_environment_hook('zed_display_rviz2', 'cmake_prefix_path')
[61.082s] INFO:colcon.colcon_core.shell:Creating environment hook '/home/epriauto/ros2_ws/camera/zed-camera-wrapper/install/zed_display_rviz2/share/zed_display_rviz2/hook/cmake_prefix_path.ps1'
[61.084s] INFO:colcon.colcon_core.shell:Creating environment descriptor '/home/epriauto/ros2_ws/camera/zed-camera-wrapper/install/zed_display_rviz2/share/zed_display_rviz2/hook/cmake_prefix_path.dsv'
[61.086s] INFO:colcon.colcon_core.shell:Creating environment hook '/home/epriauto/ros2_ws/camera/zed-camera-wrapper/install/zed_display_rviz2/share/zed_display_rviz2/hook/cmake_prefix_path.sh'
[61.089s] Level 1:colcon.colcon_core.environment:checking '/home/epriauto/ros2_ws/camera/zed-camera-wrapper/install/zed_display_rviz2/bin'
[61.089s] Level 1:colcon.colcon_core.environment:checking '/home/epriauto/ros2_ws/camera/zed-camera-wrapper/install/zed_display_rviz2/lib/pkgconfig/zed_display_rviz2.pc'
[61.090s] Level 1:colcon.colcon_core.environment:checking '/home/epriauto/ros2_ws/camera/zed-camera-wrapper/install/zed_display_rviz2/lib/python3.10/site-packages'
[61.091s] Level 1:colcon.colcon_core.environment:checking '/home/epriauto/ros2_ws/camera/zed-camera-wrapper/install/zed_display_rviz2/bin'
[61.092s] INFO:colcon.colcon_core.shell:Creating package script '/home/epriauto/ros2_ws/camera/zed-camera-wrapper/install/zed_display_rviz2/share/zed_display_rviz2/package.ps1'
[61.094s] INFO:colcon.colcon_core.shell:Creating package descriptor '/home/epriauto/ros2_ws/camera/zed-camera-wrapper/install/zed_display_rviz2/share/zed_display_rviz2/package.dsv'
[61.096s] INFO:colcon.colcon_core.shell:Creating package script '/home/epriauto/ros2_ws/camera/zed-camera-wrapper/install/zed_display_rviz2/share/zed_display_rviz2/package.sh'
[61.098s] INFO:colcon.colcon_core.shell:Creating package script '/home/epriauto/ros2_ws/camera/zed-camera-wrapper/install/zed_display_rviz2/share/zed_display_rviz2/package.bash'
[61.100s] INFO:colcon.colcon_core.shell:Creating package script '/home/epriauto/ros2_ws/camera/zed-camera-wrapper/install/zed_display_rviz2/share/zed_display_rviz2/package.zsh'
[61.101s] Level 1:colcon.colcon_core.environment:create_file_with_runtime_dependencies(/home/epriauto/ros2_ws/camera/zed-camera-wrapper/install/zed_display_rviz2/share/colcon-core/packages/zed_display_rviz2)
[61.104s] Level 1:colcon.colcon_core.environment:create_environment_scripts_only(zed_display_rviz2)
[61.105s] Level 1:colcon.colcon_core.environment:checking '/home/epriauto/ros2_ws/camera/zed-camera-wrapper/install/zed_display_rviz2' for CMake module files
[61.107s] Level 1:colcon.colcon_core.environment:checking '/home/epriauto/ros2_ws/camera/zed-camera-wrapper/install/zed_display_rviz2' for CMake config files
[61.107s] Level 1:colcon.colcon_core.shell:create_environment_hook('zed_display_rviz2', 'cmake_prefix_path')
[61.108s] INFO:colcon.colcon_core.shell:Creating environment hook '/home/epriauto/ros2_ws/camera/zed-camera-wrapper/install/zed_display_rviz2/share/zed_display_rviz2/hook/cmake_prefix_path.ps1'
[61.110s] INFO:colcon.colcon_core.shell:Creating environment descriptor '/home/epriauto/ros2_ws/camera/zed-camera-wrapper/install/zed_display_rviz2/share/zed_display_rviz2/hook/cmake_prefix_path.dsv'
[61.112s] INFO:colcon.colcon_core.shell:Creating environment hook '/home/epriauto/ros2_ws/camera/zed-camera-wrapper/install/zed_display_rviz2/share/zed_display_rviz2/hook/cmake_prefix_path.sh'
[61.115s] Level 1:colcon.colcon_core.environment:checking '/home/epriauto/ros2_ws/camera/zed-camera-wrapper/install/zed_display_rviz2/bin'
[61.115s] Level 1:colcon.colcon_core.environment:checking '/home/epriauto/ros2_ws/camera/zed-camera-wrapper/install/zed_display_rviz2/lib/pkgconfig/zed_display_rviz2.pc'
[61.116s] Level 1:colcon.colcon_core.environment:checking '/home/epriauto/ros2_ws/camera/zed-camera-wrapper/install/zed_display_rviz2/lib/python3.10/site-packages'
[61.117s] Level 1:colcon.colcon_core.environment:checking '/home/epriauto/ros2_ws/camera/zed-camera-wrapper/install/zed_display_rviz2/bin'
[61.118s] INFO:colcon.colcon_core.shell:Creating package script '/home/epriauto/ros2_ws/camera/zed-camera-wrapper/install/zed_display_rviz2/share/zed_display_rviz2/package.ps1'
[61.120s] INFO:colcon.colcon_core.shell:Creating package descriptor '/home/epriauto/ros2_ws/camera/zed-camera-wrapper/install/zed_display_rviz2/share/zed_display_rviz2/package.dsv'
[61.121s] INFO:colcon.colcon_core.shell:Creating package script '/home/epriauto/ros2_ws/camera/zed-camera-wrapper/install/zed_display_rviz2/share/zed_display_rviz2/package.sh'
[61.122s] INFO:colcon.colcon_core.shell:Creating package script '/home/epriauto/ros2_ws/camera/zed-camera-wrapper/install/zed_display_rviz2/share/zed_display_rviz2/package.bash'
[61.124s] INFO:colcon.colcon_core.shell:Creating package script '/home/epriauto/ros2_ws/camera/zed-camera-wrapper/install/zed_display_rviz2/share/zed_display_rviz2/package.zsh'
[61.125s] Level 1:colcon.colcon_core.environment:create_file_with_runtime_dependencies(/home/epriauto/ros2_ws/camera/zed-camera-wrapper/install/zed_display_rviz2/share/colcon-core/packages/zed_display_rviz2)
[61.128s] INFO:colcon.colcon_ros.task.ament_cmake.build:Building ROS package in '/home/epriauto/ros2_ws/camera/zed-camera-wrapper/src/zed-ros2-examples/tutorials/zed_ipc' with build type 'ament_cmake'
[61.134s] INFO:colcon.colcon_cmake.task.cmake.build:Building CMake package in '/home/epriauto/ros2_ws/camera/zed-camera-wrapper/src/zed-ros2-examples/tutorials/zed_ipc'
[61.135s] INFO:colcon.colcon_core.shell:Skip shell extension 'powershell' for command environment: Not usable outside of PowerShell
[61.136s] DEBUG:colcon.colcon_core.shell:Skip shell extension 'dsv' for command environment
[61.163s] DEBUG:colcon.colcon_core.event_handler.log_command:Invoking command in '/home/epriauto/ros2_ws/camera/zed-camera-wrapper/build/zed_topic_benchmark': AMENT_PREFIX_PATH=/home/epriauto/ros2_ws/camera/zed-camera-wrapper/install/zed_topic_benchmark_component:/home/epriauto/ros2_ws/camera/zed-camera-wrapper/install/zed_topic_benchmark_interfaces:${AMENT_PREFIX_PATH} CMAKE_PREFIX_PATH=/home/epriauto/ros2_ws/camera/zed-camera-wrapper/install/zed_topic_benchmark_component:/home/epriauto/ros2_ws/camera/zed-camera-wrapper/install/zed_topic_benchmark_interfaces:/home/epriauto/ros2_ws/camera/zed-camera-wrapper/install/zed_ros2:/home/epriauto/ros2_ws/camera/zed-camera-wrapper/install/zed_wrapper:/home/epriauto/ros2_ws/camera/zed-camera-wrapper/install/zed_components:/opt/ros/humble LD_LIBRARY_PATH=/home/epriauto/ros2_ws/camera/zed-camera-wrapper/install/zed_topic_benchmark_component/lib:/home/epriauto/ros2_ws/camera/zed-camera-wrapper/install/zed_topic_benchmark_interfaces/lib:${LD_LIBRARY_PATH} PYTHONPATH=/home/epriauto/ros2_ws/camera/zed-camera-wrapper/install/zed_topic_benchmark_interfaces/local/lib/python3.10/dist-packages:${PYTHONPATH} /usr/bin/cmake /home/epriauto/ros2_ws/camera/zed-camera-wrapper/src/zed-ros2-examples/tools/zed_benchmark -DCMAKE_BUILD_TYPE=Release -DAMENT_CMAKE_SYMLINK_INSTALL=1 -DCMAKE_INSTALL_PREFIX=/home/epriauto/ros2_ws/camera/zed-camera-wrapper/install/zed_topic_benchmark
[61.176s] DEBUG:colcon.colcon_core.event_handler.log_command:Invoked command in '/home/epriauto/ros2_ws/camera/zed-camera-wrapper/build/zed_robot_integration' returned '0': CMAKE_PREFIX_PATH=/home/epriauto/ros2_ws/camera/zed-camera-wrapper/install/zed_wrapper:/home/epriauto/ros2_ws/camera/zed-camera-wrapper/install/zed_components:/home/epriauto/ros2_ws/camera/zed-camera-wrapper/install/zed_ros2:/opt/ros/humble /usr/bin/cmake --build /home/epriauto/ros2_ws/camera/zed-camera-wrapper/build/zed_robot_integration -- -j6 -l6
[61.179s] DEBUG:colcon.colcon_core.event_handler.log_command:Invoking command in '/home/epriauto/ros2_ws/camera/zed-camera-wrapper/build/zed_robot_integration': CMAKE_PREFIX_PATH=/home/epriauto/ros2_ws/camera/zed-camera-wrapper/install/zed_wrapper:/home/epriauto/ros2_ws/camera/zed-camera-wrapper/install/zed_components:/home/epriauto/ros2_ws/camera/zed-camera-wrapper/install/zed_ros2:/opt/ros/humble /usr/bin/cmake --install /home/epriauto/ros2_ws/camera/zed-camera-wrapper/build/zed_robot_integration
[61.196s] DEBUG:colcon.colcon_core.event_handler.log_command:Invoking command in '/home/epriauto/ros2_ws/camera/zed-camera-wrapper/build/zed_ipc': AMENT_PREFIX_PATH=/home/epriauto/ros2_ws/camera/zed-camera-wrapper/install/zed_multi_camera:${AMENT_PREFIX_PATH} CMAKE_PREFIX_PATH=/home/epriauto/ros2_ws/camera/zed-camera-wrapper/install/zed_multi_camera:/home/epriauto/ros2_ws/camera/zed-camera-wrapper/install/zed_wrapper:/home/epriauto/ros2_ws/camera/zed-camera-wrapper/install/zed_components:/home/epriauto/ros2_ws/camera/zed-camera-wrapper/install/zed_ros2:/opt/ros/humble /usr/bin/cmake /home/epriauto/ros2_ws/camera/zed-camera-wrapper/src/zed-ros2-examples/tutorials/zed_ipc -DCMAKE_BUILD_TYPE=Release -DAMENT_CMAKE_SYMLINK_INSTALL=1 -DCMAKE_INSTALL_PREFIX=/home/epriauto/ros2_ws/camera/zed-camera-wrapper/install/zed_ipc
[62.011s] Level 1:colcon.colcon_core.environment:create_environment_scripts_only(zed_robot_integration)
[62.012s] Level 1:colcon.colcon_core.environment:checking '/home/epriauto/ros2_ws/camera/zed-camera-wrapper/install/zed_robot_integration' for CMake module files
[62.013s] Level 1:colcon.colcon_core.environment:checking '/home/epriauto/ros2_ws/camera/zed-camera-wrapper/install/zed_robot_integration' for CMake config files
[62.014s] Level 1:colcon.colcon_core.shell:create_environment_hook('zed_robot_integration', 'cmake_prefix_path')
[62.014s] INFO:colcon.colcon_core.shell:Creating environment hook '/home/epriauto/ros2_ws/camera/zed-camera-wrapper/install/zed_robot_integration/share/zed_robot_integration/hook/cmake_prefix_path.ps1'
[62.016s] INFO:colcon.colcon_core.shell:Creating environment descriptor '/home/epriauto/ros2_ws/camera/zed-camera-wrapper/install/zed_robot_integration/share/zed_robot_integration/hook/cmake_prefix_path.dsv'
[62.016s] INFO:colcon.colcon_core.shell:Creating environment hook '/home/epriauto/ros2_ws/camera/zed-camera-wrapper/install/zed_robot_integration/share/zed_robot_integration/hook/cmake_prefix_path.sh'
[62.017s] Level 1:colcon.colcon_core.environment:checking '/home/epriauto/ros2_ws/camera/zed-camera-wrapper/install/zed_robot_integration/bin'
[62.018s] Level 1:colcon.colcon_core.environment:checking '/home/epriauto/ros2_ws/camera/zed-camera-wrapper/install/zed_robot_integration/lib/pkgconfig/zed_robot_integration.pc'
[62.011s] DEBUG:colcon.colcon_core.event_handler.log_command:Invoked command in '/home/epriauto/ros2_ws/camera/zed-camera-wrapper/build/zed_robot_integration' returned '0': CMAKE_PREFIX_PATH=/home/epriauto/ros2_ws/camera/zed-camera-wrapper/install/zed_wrapper:/home/epriauto/ros2_ws/camera/zed-camera-wrapper/install/zed_components:/home/epriauto/ros2_ws/camera/zed-camera-wrapper/install/zed_ros2:/opt/ros/humble /usr/bin/cmake --install /home/epriauto/ros2_ws/camera/zed-camera-wrapper/build/zed_robot_integration
[62.019s] Level 1:colcon.colcon_core.environment:checking '/home/epriauto/ros2_ws/camera/zed-camera-wrapper/install/zed_robot_integration/lib/python3.10/site-packages'
[62.020s] Level 1:colcon.colcon_core.environment:checking '/home/epriauto/ros2_ws/camera/zed-camera-wrapper/install/zed_robot_integration/bin'
[62.020s] INFO:colcon.colcon_core.shell:Creating package script '/home/epriauto/ros2_ws/camera/zed-camera-wrapper/install/zed_robot_integration/share/zed_robot_integration/package.ps1'
[62.022s] INFO:colcon.colcon_core.shell:Creating package descriptor '/home/epriauto/ros2_ws/camera/zed-camera-wrapper/install/zed_robot_integration/share/zed_robot_integration/package.dsv'
[62.026s] INFO:colcon.colcon_core.shell:Creating package script '/home/epriauto/ros2_ws/camera/zed-camera-wrapper/install/zed_robot_integration/share/zed_robot_integration/package.sh'
[62.028s] INFO:colcon.colcon_core.shell:Creating package script '/home/epriauto/ros2_ws/camera/zed-camera-wrapper/install/zed_robot_integration/share/zed_robot_integration/package.bash'
[62.028s] INFO:colcon.colcon_core.shell:Creating package script '/home/epriauto/ros2_ws/camera/zed-camera-wrapper/install/zed_robot_integration/share/zed_robot_integration/package.zsh'
[62.029s] Level 1:colcon.colcon_core.environment:create_file_with_runtime_dependencies(/home/epriauto/ros2_ws/camera/zed-camera-wrapper/install/zed_robot_integration/share/colcon-core/packages/zed_robot_integration)
[62.043s] Level 1:colcon.colcon_core.environment:create_environment_scripts_only(zed_robot_integration)
[62.044s] Level 1:colcon.colcon_core.environment:checking '/home/epriauto/ros2_ws/camera/zed-camera-wrapper/install/zed_robot_integration' for CMake module files
[62.045s] Level 1:colcon.colcon_core.environment:checking '/home/epriauto/ros2_ws/camera/zed-camera-wrapper/install/zed_robot_integration' for CMake config files
[62.046s] Level 1:colcon.colcon_core.shell:create_environment_hook('zed_robot_integration', 'cmake_prefix_path')
[62.046s] INFO:colcon.colcon_core.shell:Creating environment hook '/home/epriauto/ros2_ws/camera/zed-camera-wrapper/install/zed_robot_integration/share/zed_robot_integration/hook/cmake_prefix_path.ps1'
[62.047s] INFO:colcon.colcon_core.shell:Creating environment descriptor '/home/epriauto/ros2_ws/camera/zed-camera-wrapper/install/zed_robot_integration/share/zed_robot_integration/hook/cmake_prefix_path.dsv'
[62.049s] INFO:colcon.colcon_core.shell:Creating environment hook '/home/epriauto/ros2_ws/camera/zed-camera-wrapper/install/zed_robot_integration/share/zed_robot_integration/hook/cmake_prefix_path.sh'
[62.050s] Level 1:colcon.colcon_core.environment:checking '/home/epriauto/ros2_ws/camera/zed-camera-wrapper/install/zed_robot_integration/bin'
[62.050s] Level 1:colcon.colcon_core.environment:checking '/home/epriauto/ros2_ws/camera/zed-camera-wrapper/install/zed_robot_integration/lib/pkgconfig/zed_robot_integration.pc'
[62.051s] Level 1:colcon.colcon_core.environment:checking '/home/epriauto/ros2_ws/camera/zed-camera-wrapper/install/zed_robot_integration/lib/python3.10/site-packages'
[62.051s] Level 1:colcon.colcon_core.environment:checking '/home/epriauto/ros2_ws/camera/zed-camera-wrapper/install/zed_robot_integration/bin'
[62.052s] INFO:colcon.colcon_core.shell:Creating package script '/home/epriauto/ros2_ws/camera/zed-camera-wrapper/install/zed_robot_integration/share/zed_robot_integration/package.ps1'
[62.053s] INFO:colcon.colcon_core.shell:Creating package descriptor '/home/epriauto/ros2_ws/camera/zed-camera-wrapper/install/zed_robot_integration/share/zed_robot_integration/package.dsv'
[62.054s] INFO:colcon.colcon_core.shell:Creating package script '/home/epriauto/ros2_ws/camera/zed-camera-wrapper/install/zed_robot_integration/share/zed_robot_integration/package.sh'
[62.055s] INFO:colcon.colcon_core.shell:Creating package script '/home/epriauto/ros2_ws/camera/zed-camera-wrapper/install/zed_robot_integration/share/zed_robot_integration/package.bash'
[62.064s] INFO:colcon.colcon_core.shell:Creating package script '/home/epriauto/ros2_ws/camera/zed-camera-wrapper/install/zed_robot_integration/share/zed_robot_integration/package.zsh'
[62.066s] Level 1:colcon.colcon_core.environment:create_file_with_runtime_dependencies(/home/epriauto/ros2_ws/camera/zed-camera-wrapper/install/zed_robot_integration/share/colcon-core/packages/zed_robot_integration)
[65.188s] DEBUG:colcon.colcon_core.event_handler.log_command:Invoked command in '/home/epriauto/ros2_ws/camera/zed-camera-wrapper/build/zed_ipc' returned '0': AMENT_PREFIX_PATH=/home/epriauto/ros2_ws/camera/zed-camera-wrapper/install/zed_multi_camera:${AMENT_PREFIX_PATH} CMAKE_PREFIX_PATH=/home/epriauto/ros2_ws/camera/zed-camera-wrapper/install/zed_multi_camera:/home/epriauto/ros2_ws/camera/zed-camera-wrapper/install/zed_wrapper:/home/epriauto/ros2_ws/camera/zed-camera-wrapper/install/zed_components:/home/epriauto/ros2_ws/camera/zed-camera-wrapper/install/zed_ros2:/opt/ros/humble /usr/bin/cmake /home/epriauto/ros2_ws/camera/zed-camera-wrapper/src/zed-ros2-examples/tutorials/zed_ipc -DCMAKE_BUILD_TYPE=Release -DAMENT_CMAKE_SYMLINK_INSTALL=1 -DCMAKE_INSTALL_PREFIX=/home/epriauto/ros2_ws/camera/zed-camera-wrapper/install/zed_ipc
[65.189s] DEBUG:colcon.colcon_core.event_handler.log_command:Invoking command in '/home/epriauto/ros2_ws/camera/zed-camera-wrapper/build/zed_ipc': AMENT_PREFIX_PATH=/home/epriauto/ros2_ws/camera/zed-camera-wrapper/install/zed_multi_camera:${AMENT_PREFIX_PATH} CMAKE_PREFIX_PATH=/home/epriauto/ros2_ws/camera/zed-camera-wrapper/install/zed_multi_camera:/home/epriauto/ros2_ws/camera/zed-camera-wrapper/install/zed_wrapper:/home/epriauto/ros2_ws/camera/zed-camera-wrapper/install/zed_components:/home/epriauto/ros2_ws/camera/zed-camera-wrapper/install/zed_ros2:/opt/ros/humble /usr/bin/cmake --build /home/epriauto/ros2_ws/camera/zed-camera-wrapper/build/zed_ipc -- -j6 -l6
[65.485s] DEBUG:colcon.colcon_core.event_handler.log_command:Invoked command in '/home/epriauto/ros2_ws/camera/zed-camera-wrapper/build/zed_aruco_localization' returned '0': CMAKE_PREFIX_PATH=/home/epriauto/ros2_ws/camera/zed-camera-wrapper/install/zed_components:/home/epriauto/ros2_ws/camera/zed-camera-wrapper/install/zed_ros2:/home/epriauto/ros2_ws/camera/zed-camera-wrapper/install/zed_wrapper:/opt/ros/humble /usr/bin/cmake --build /home/epriauto/ros2_ws/camera/zed-camera-wrapper/build/zed_aruco_localization -- -j6 -l6
[65.491s] DEBUG:colcon.colcon_core.event_handler.log_command:Invoking command in '/home/epriauto/ros2_ws/camera/zed-camera-wrapper/build/zed_aruco_localization': CMAKE_PREFIX_PATH=/home/epriauto/ros2_ws/camera/zed-camera-wrapper/install/zed_components:/home/epriauto/ros2_ws/camera/zed-camera-wrapper/install/zed_ros2:/home/epriauto/ros2_ws/camera/zed-camera-wrapper/install/zed_wrapper:/opt/ros/humble /usr/bin/cmake --install /home/epriauto/ros2_ws/camera/zed-camera-wrapper/build/zed_aruco_localization
[65.676s] DEBUG:colcon.colcon_core.event_handler.log_command:Invoked command in '/home/epriauto/ros2_ws/camera/zed-camera-wrapper/build/zed_topic_benchmark' returned '0': AMENT_PREFIX_PATH=/home/epriauto/ros2_ws/camera/zed-camera-wrapper/install/zed_topic_benchmark_component:/home/epriauto/ros2_ws/camera/zed-camera-wrapper/install/zed_topic_benchmark_interfaces:${AMENT_PREFIX_PATH} CMAKE_PREFIX_PATH=/home/epriauto/ros2_ws/camera/zed-camera-wrapper/install/zed_topic_benchmark_component:/home/epriauto/ros2_ws/camera/zed-camera-wrapper/install/zed_topic_benchmark_interfaces:/home/epriauto/ros2_ws/camera/zed-camera-wrapper/install/zed_ros2:/home/epriauto/ros2_ws/camera/zed-camera-wrapper/install/zed_wrapper:/home/epriauto/ros2_ws/camera/zed-camera-wrapper/install/zed_components:/opt/ros/humble LD_LIBRARY_PATH=/home/epriauto/ros2_ws/camera/zed-camera-wrapper/install/zed_topic_benchmark_component/lib:/home/epriauto/ros2_ws/camera/zed-camera-wrapper/install/zed_topic_benchmark_interfaces/lib:${LD_LIBRARY_PATH} PYTHONPATH=/home/epriauto/ros2_ws/camera/zed-camera-wrapper/install/zed_topic_benchmark_interfaces/local/lib/python3.10/dist-packages:${PYTHONPATH} /usr/bin/cmake /home/epriauto/ros2_ws/camera/zed-camera-wrapper/src/zed-ros2-examples/tools/zed_benchmark -DCMAKE_BUILD_TYPE=Release -DAMENT_CMAKE_SYMLINK_INSTALL=1 -DCMAKE_INSTALL_PREFIX=/home/epriauto/ros2_ws/camera/zed-camera-wrapper/install/zed_topic_benchmark
[65.681s] DEBUG:colcon.colcon_core.event_handler.log_command:Invoking command in '/home/epriauto/ros2_ws/camera/zed-camera-wrapper/build/zed_topic_benchmark': AMENT_PREFIX_PATH=/home/epriauto/ros2_ws/camera/zed-camera-wrapper/install/zed_topic_benchmark_component:/home/epriauto/ros2_ws/camera/zed-camera-wrapper/install/zed_topic_benchmark_interfaces:${AMENT_PREFIX_PATH} CMAKE_PREFIX_PATH=/home/epriauto/ros2_ws/camera/zed-camera-wrapper/install/zed_topic_benchmark_component:/home/epriauto/ros2_ws/camera/zed-camera-wrapper/install/zed_topic_benchmark_interfaces:/home/epriauto/ros2_ws/camera/zed-camera-wrapper/install/zed_ros2:/home/epriauto/ros2_ws/camera/zed-camera-wrapper/install/zed_wrapper:/home/epriauto/ros2_ws/camera/zed-camera-wrapper/install/zed_components:/opt/ros/humble LD_LIBRARY_PATH=/home/epriauto/ros2_ws/camera/zed-camera-wrapper/install/zed_topic_benchmark_component/lib:/home/epriauto/ros2_ws/camera/zed-camera-wrapper/install/zed_topic_benchmark_interfaces/lib:${LD_LIBRARY_PATH} PYTHONPATH=/home/epriauto/ros2_ws/camera/zed-camera-wrapper/install/zed_topic_benchmark_interfaces/local/lib/python3.10/dist-packages:${PYTHONPATH} /usr/bin/cmake --build /home/epriauto/ros2_ws/camera/zed-camera-wrapper/build/zed_topic_benchmark -- -j6 -l6
[66.283s] Level 1:colcon.colcon_core.environment:create_environment_scripts_only(zed_aruco_localization)
[66.284s] Level 1:colcon.colcon_core.environment:checking '/home/epriauto/ros2_ws/camera/zed-camera-wrapper/install/zed_aruco_localization' for CMake module files
[66.285s] Level 1:colcon.colcon_core.environment:checking '/home/epriauto/ros2_ws/camera/zed-camera-wrapper/install/zed_aruco_localization' for CMake config files
[66.286s] Level 1:colcon.colcon_core.shell:create_environment_hook('zed_aruco_localization', 'cmake_prefix_path')
[66.287s] INFO:colcon.colcon_core.shell:Creating environment hook '/home/epriauto/ros2_ws/camera/zed-camera-wrapper/install/zed_aruco_localization/share/zed_aruco_localization/hook/cmake_prefix_path.ps1'
[66.288s] DEBUG:colcon.colcon_core.event_handler.log_command:Invoked command in '/home/epriauto/ros2_ws/camera/zed-camera-wrapper/build/zed_aruco_localization' returned '0': CMAKE_PREFIX_PATH=/home/epriauto/ros2_ws/camera/zed-camera-wrapper/install/zed_components:/home/epriauto/ros2_ws/camera/zed-camera-wrapper/install/zed_ros2:/home/epriauto/ros2_ws/camera/zed-camera-wrapper/install/zed_wrapper:/opt/ros/humble /usr/bin/cmake --install /home/epriauto/ros2_ws/camera/zed-camera-wrapper/build/zed_aruco_localization
[66.290s] INFO:colcon.colcon_core.shell:Creating environment descriptor '/home/epriauto/ros2_ws/camera/zed-camera-wrapper/install/zed_aruco_localization/share/zed_aruco_localization/hook/cmake_prefix_path.dsv'
[66.291s] INFO:colcon.colcon_core.shell:Creating environment hook '/home/epriauto/ros2_ws/camera/zed-camera-wrapper/install/zed_aruco_localization/share/zed_aruco_localization/hook/cmake_prefix_path.sh'
[66.293s] Level 1:colcon.colcon_core.environment:checking '/home/epriauto/ros2_ws/camera/zed-camera-wrapper/install/zed_aruco_localization/lib'
[66.294s] Level 1:colcon.colcon_core.shell:create_environment_hook('zed_aruco_localization', 'ld_library_path_lib')
[66.295s] INFO:colcon.colcon_core.shell:Creating environment hook '/home/epriauto/ros2_ws/camera/zed-camera-wrapper/install/zed_aruco_localization/share/zed_aruco_localization/hook/ld_library_path_lib.ps1'
[66.296s] INFO:colcon.colcon_core.shell:Creating environment descriptor '/home/epriauto/ros2_ws/camera/zed-camera-wrapper/install/zed_aruco_localization/share/zed_aruco_localization/hook/ld_library_path_lib.dsv'
[66.297s] INFO:colcon.colcon_core.shell:Creating environment hook '/home/epriauto/ros2_ws/camera/zed-camera-wrapper/install/zed_aruco_localization/share/zed_aruco_localization/hook/ld_library_path_lib.sh'
[66.299s] Level 1:colcon.colcon_core.environment:checking '/home/epriauto/ros2_ws/camera/zed-camera-wrapper/install/zed_aruco_localization/bin'
[66.299s] Level 1:colcon.colcon_core.environment:checking '/home/epriauto/ros2_ws/camera/zed-camera-wrapper/install/zed_aruco_localization/lib/pkgconfig/zed_aruco_localization.pc'
[66.300s] Level 1:colcon.colcon_core.environment:checking '/home/epriauto/ros2_ws/camera/zed-camera-wrapper/install/zed_aruco_localization/lib/python3.10/site-packages'
[66.305s] Level 1:colcon.colcon_core.environment:checking '/home/epriauto/ros2_ws/camera/zed-camera-wrapper/install/zed_aruco_localization/bin'
[66.307s] INFO:colcon.colcon_core.shell:Creating package script '/home/epriauto/ros2_ws/camera/zed-camera-wrapper/install/zed_aruco_localization/share/zed_aruco_localization/package.ps1'
[66.309s] INFO:colcon.colcon_core.shell:Creating package descriptor '/home/epriauto/ros2_ws/camera/zed-camera-wrapper/install/zed_aruco_localization/share/zed_aruco_localization/package.dsv'
[66.316s] INFO:colcon.colcon_core.shell:Creating package script '/home/epriauto/ros2_ws/camera/zed-camera-wrapper/install/zed_aruco_localization/share/zed_aruco_localization/package.sh'
[66.321s] INFO:colcon.colcon_core.shell:Creating package script '/home/epriauto/ros2_ws/camera/zed-camera-wrapper/install/zed_aruco_localization/share/zed_aruco_localization/package.bash'
[66.329s] INFO:colcon.colcon_core.shell:Creating package script '/home/epriauto/ros2_ws/camera/zed-camera-wrapper/install/zed_aruco_localization/share/zed_aruco_localization/package.zsh'
[66.340s] Level 1:colcon.colcon_core.environment:create_file_with_runtime_dependencies(/home/epriauto/ros2_ws/camera/zed-camera-wrapper/install/zed_aruco_localization/share/colcon-core/packages/zed_aruco_localization)
[66.342s] Level 1:colcon.colcon_core.environment:create_environment_scripts_only(zed_aruco_localization)
[66.343s] Level 1:colcon.colcon_core.environment:checking '/home/epriauto/ros2_ws/camera/zed-camera-wrapper/install/zed_aruco_localization' for CMake module files
[66.344s] Level 1:colcon.colcon_core.environment:checking '/home/epriauto/ros2_ws/camera/zed-camera-wrapper/install/zed_aruco_localization' for CMake config files
[66.345s] Level 1:colcon.colcon_core.shell:create_environment_hook('zed_aruco_localization', 'cmake_prefix_path')
[66.345s] INFO:colcon.colcon_core.shell:Creating environment hook '/home/epriauto/ros2_ws/camera/zed-camera-wrapper/install/zed_aruco_localization/share/zed_aruco_localization/hook/cmake_prefix_path.ps1'
[66.359s] INFO:colcon.colcon_core.shell:Creating environment descriptor '/home/epriauto/ros2_ws/camera/zed-camera-wrapper/install/zed_aruco_localization/share/zed_aruco_localization/hook/cmake_prefix_path.dsv'
[66.361s] INFO:colcon.colcon_core.shell:Creating environment hook '/home/epriauto/ros2_ws/camera/zed-camera-wrapper/install/zed_aruco_localization/share/zed_aruco_localization/hook/cmake_prefix_path.sh'
[66.365s] Level 1:colcon.colcon_core.environment:checking '/home/epriauto/ros2_ws/camera/zed-camera-wrapper/install/zed_aruco_localization/lib'
[66.367s] Level 1:colcon.colcon_core.shell:create_environment_hook('zed_aruco_localization', 'ld_library_path_lib')
[66.370s] INFO:colcon.colcon_core.shell:Creating environment hook '/home/epriauto/ros2_ws/camera/zed-camera-wrapper/install/zed_aruco_localization/share/zed_aruco_localization/hook/ld_library_path_lib.ps1'
[66.375s] INFO:colcon.colcon_core.shell:Creating environment descriptor '/home/epriauto/ros2_ws/camera/zed-camera-wrapper/install/zed_aruco_localization/share/zed_aruco_localization/hook/ld_library_path_lib.dsv'
[66.382s] INFO:colcon.colcon_core.shell:Creating environment hook '/home/epriauto/ros2_ws/camera/zed-camera-wrapper/install/zed_aruco_localization/share/zed_aruco_localization/hook/ld_library_path_lib.sh'
[66.388s] Level 1:colcon.colcon_core.environment:checking '/home/epriauto/ros2_ws/camera/zed-camera-wrapper/install/zed_aruco_localization/bin'
[66.389s] Level 1:colcon.colcon_core.environment:checking '/home/epriauto/ros2_ws/camera/zed-camera-wrapper/install/zed_aruco_localization/lib/pkgconfig/zed_aruco_localization.pc'
[66.390s] Level 1:colcon.colcon_core.environment:checking '/home/epriauto/ros2_ws/camera/zed-camera-wrapper/install/zed_aruco_localization/lib/python3.10/site-packages'
[66.391s] Level 1:colcon.colcon_core.environment:checking '/home/epriauto/ros2_ws/camera/zed-camera-wrapper/install/zed_aruco_localization/bin'
[66.392s] INFO:colcon.colcon_core.shell:Creating package script '/home/epriauto/ros2_ws/camera/zed-camera-wrapper/install/zed_aruco_localization/share/zed_aruco_localization/package.ps1'
[66.398s] INFO:colcon.colcon_core.shell:Creating package descriptor '/home/epriauto/ros2_ws/camera/zed-camera-wrapper/install/zed_aruco_localization/share/zed_aruco_localization/package.dsv'
[66.402s] INFO:colcon.colcon_core.shell:Creating package script '/home/epriauto/ros2_ws/camera/zed-camera-wrapper/install/zed_aruco_localization/share/zed_aruco_localization/package.sh'
[66.410s] INFO:colcon.colcon_core.shell:Creating package script '/home/epriauto/ros2_ws/camera/zed-camera-wrapper/install/zed_aruco_localization/share/zed_aruco_localization/package.bash'
[66.417s] INFO:colcon.colcon_core.shell:Creating package script '/home/epriauto/ros2_ws/camera/zed-camera-wrapper/install/zed_aruco_localization/share/zed_aruco_localization/package.zsh'
[66.422s] Level 1:colcon.colcon_core.environment:create_file_with_runtime_dependencies(/home/epriauto/ros2_ws/camera/zed-camera-wrapper/install/zed_aruco_localization/share/colcon-core/packages/zed_aruco_localization)
[71.828s] DEBUG:colcon.colcon_core.event_handler.log_command:Invoked command in '/home/epriauto/ros2_ws/camera/zed-camera-wrapper/build/rviz_plugin_zed_od' returned '0': CMAKE_PREFIX_PATH=${CMAKE_PREFIX_PATH}:/opt/ros/humble /usr/bin/cmake --build /home/epriauto/ros2_ws/camera/zed-camera-wrapper/build/rviz_plugin_zed_od -- -j6 -l6
[71.833s] DEBUG:colcon.colcon_core.event_handler.log_command:Invoking command in '/home/epriauto/ros2_ws/camera/zed-camera-wrapper/build/rviz_plugin_zed_od': CMAKE_PREFIX_PATH=${CMAKE_PREFIX_PATH}:/opt/ros/humble /usr/bin/cmake --install /home/epriauto/ros2_ws/camera/zed-camera-wrapper/build/rviz_plugin_zed_od
[72.421s] Level 1:colcon.colcon_core.environment:create_environment_scripts_only(rviz_plugin_zed_od)
[72.422s] Level 1:colcon.colcon_core.environment:checking '/home/epriauto/ros2_ws/camera/zed-camera-wrapper/install/rviz_plugin_zed_od' for CMake module files
[72.423s] DEBUG:colcon.colcon_core.event_handler.log_command:Invoked command in '/home/epriauto/ros2_ws/camera/zed-camera-wrapper/build/rviz_plugin_zed_od' returned '0': CMAKE_PREFIX_PATH=${CMAKE_PREFIX_PATH}:/opt/ros/humble /usr/bin/cmake --install /home/epriauto/ros2_ws/camera/zed-camera-wrapper/build/rviz_plugin_zed_od
[72.424s] Level 1:colcon.colcon_core.environment:checking '/home/epriauto/ros2_ws/camera/zed-camera-wrapper/install/rviz_plugin_zed_od' for CMake config files
[72.424s] Level 1:colcon.colcon_core.shell:create_environment_hook('rviz_plugin_zed_od', 'cmake_prefix_path')
[72.425s] INFO:colcon.colcon_core.shell:Creating environment hook '/home/epriauto/ros2_ws/camera/zed-camera-wrapper/install/rviz_plugin_zed_od/share/rviz_plugin_zed_od/hook/cmake_prefix_path.ps1'
[72.426s] INFO:colcon.colcon_core.shell:Creating environment descriptor '/home/epriauto/ros2_ws/camera/zed-camera-wrapper/install/rviz_plugin_zed_od/share/rviz_plugin_zed_od/hook/cmake_prefix_path.dsv'
[72.427s] INFO:colcon.colcon_core.shell:Creating environment hook '/home/epriauto/ros2_ws/camera/zed-camera-wrapper/install/rviz_plugin_zed_od/share/rviz_plugin_zed_od/hook/cmake_prefix_path.sh'
[72.428s] Level 1:colcon.colcon_core.environment:checking '/home/epriauto/ros2_ws/camera/zed-camera-wrapper/install/rviz_plugin_zed_od/lib'
[72.428s] Level 1:colcon.colcon_core.shell:create_environment_hook('rviz_plugin_zed_od', 'ld_library_path_lib')
[72.429s] INFO:colcon.colcon_core.shell:Creating environment hook '/home/epriauto/ros2_ws/camera/zed-camera-wrapper/install/rviz_plugin_zed_od/share/rviz_plugin_zed_od/hook/ld_library_path_lib.ps1'
[72.430s] INFO:colcon.colcon_core.shell:Creating environment descriptor '/home/epriauto/ros2_ws/camera/zed-camera-wrapper/install/rviz_plugin_zed_od/share/rviz_plugin_zed_od/hook/ld_library_path_lib.dsv'
[72.431s] INFO:colcon.colcon_core.shell:Creating environment hook '/home/epriauto/ros2_ws/camera/zed-camera-wrapper/install/rviz_plugin_zed_od/share/rviz_plugin_zed_od/hook/ld_library_path_lib.sh'
[72.432s] Level 1:colcon.colcon_core.environment:checking '/home/epriauto/ros2_ws/camera/zed-camera-wrapper/install/rviz_plugin_zed_od/bin'
[72.432s] Level 1:colcon.colcon_core.environment:checking '/home/epriauto/ros2_ws/camera/zed-camera-wrapper/install/rviz_plugin_zed_od/lib/pkgconfig/rviz_plugin_zed_od.pc'
[72.432s] Level 1:colcon.colcon_core.environment:checking '/home/epriauto/ros2_ws/camera/zed-camera-wrapper/install/rviz_plugin_zed_od/lib/python3.10/site-packages'
[72.433s] Level 1:colcon.colcon_core.environment:checking '/home/epriauto/ros2_ws/camera/zed-camera-wrapper/install/rviz_plugin_zed_od/bin'
[72.434s] INFO:colcon.colcon_core.shell:Creating package script '/home/epriauto/ros2_ws/camera/zed-camera-wrapper/install/rviz_plugin_zed_od/share/rviz_plugin_zed_od/package.ps1'
[72.435s] INFO:colcon.colcon_core.shell:Creating package descriptor '/home/epriauto/ros2_ws/camera/zed-camera-wrapper/install/rviz_plugin_zed_od/share/rviz_plugin_zed_od/package.dsv'
[72.436s] INFO:colcon.colcon_core.shell:Creating package script '/home/epriauto/ros2_ws/camera/zed-camera-wrapper/install/rviz_plugin_zed_od/share/rviz_plugin_zed_od/package.sh'
[72.437s] INFO:colcon.colcon_core.shell:Creating package script '/home/epriauto/ros2_ws/camera/zed-camera-wrapper/install/rviz_plugin_zed_od/share/rviz_plugin_zed_od/package.bash'
[72.438s] INFO:colcon.colcon_core.shell:Creating package script '/home/epriauto/ros2_ws/camera/zed-camera-wrapper/install/rviz_plugin_zed_od/share/rviz_plugin_zed_od/package.zsh'
[72.439s] Level 1:colcon.colcon_core.environment:create_file_with_runtime_dependencies(/home/epriauto/ros2_ws/camera/zed-camera-wrapper/install/rviz_plugin_zed_od/share/colcon-core/packages/rviz_plugin_zed_od)
[72.440s] Level 1:colcon.colcon_core.environment:create_environment_scripts_only(rviz_plugin_zed_od)
[72.441s] Level 1:colcon.colcon_core.environment:checking '/home/epriauto/ros2_ws/camera/zed-camera-wrapper/install/rviz_plugin_zed_od' for CMake module files
[72.442s] Level 1:colcon.colcon_core.environment:checking '/home/epriauto/ros2_ws/camera/zed-camera-wrapper/install/rviz_plugin_zed_od' for CMake config files
[72.443s] Level 1:colcon.colcon_core.shell:create_environment_hook('rviz_plugin_zed_od', 'cmake_prefix_path')
[72.443s] INFO:colcon.colcon_core.shell:Creating environment hook '/home/epriauto/ros2_ws/camera/zed-camera-wrapper/install/rviz_plugin_zed_od/share/rviz_plugin_zed_od/hook/cmake_prefix_path.ps1'
[72.444s] INFO:colcon.colcon_core.shell:Creating environment descriptor '/home/epriauto/ros2_ws/camera/zed-camera-wrapper/install/rviz_plugin_zed_od/share/rviz_plugin_zed_od/hook/cmake_prefix_path.dsv'
[72.445s] INFO:colcon.colcon_core.shell:Creating environment hook '/home/epriauto/ros2_ws/camera/zed-camera-wrapper/install/rviz_plugin_zed_od/share/rviz_plugin_zed_od/hook/cmake_prefix_path.sh'
[72.446s] Level 1:colcon.colcon_core.environment:checking '/home/epriauto/ros2_ws/camera/zed-camera-wrapper/install/rviz_plugin_zed_od/lib'
[72.447s] Level 1:colcon.colcon_core.shell:create_environment_hook('rviz_plugin_zed_od', 'ld_library_path_lib')
[72.447s] INFO:colcon.colcon_core.shell:Creating environment hook '/home/epriauto/ros2_ws/camera/zed-camera-wrapper/install/rviz_plugin_zed_od/share/rviz_plugin_zed_od/hook/ld_library_path_lib.ps1'
[72.448s] INFO:colcon.colcon_core.shell:Creating environment descriptor '/home/epriauto/ros2_ws/camera/zed-camera-wrapper/install/rviz_plugin_zed_od/share/rviz_plugin_zed_od/hook/ld_library_path_lib.dsv'
[72.449s] INFO:colcon.colcon_core.shell:Creating environment hook '/home/epriauto/ros2_ws/camera/zed-camera-wrapper/install/rviz_plugin_zed_od/share/rviz_plugin_zed_od/hook/ld_library_path_lib.sh'
[72.450s] Level 1:colcon.colcon_core.environment:checking '/home/epriauto/ros2_ws/camera/zed-camera-wrapper/install/rviz_plugin_zed_od/bin'
[72.450s] Level 1:colcon.colcon_core.environment:checking '/home/epriauto/ros2_ws/camera/zed-camera-wrapper/install/rviz_plugin_zed_od/lib/pkgconfig/rviz_plugin_zed_od.pc'
[72.450s] Level 1:colcon.colcon_core.environment:checking '/home/epriauto/ros2_ws/camera/zed-camera-wrapper/install/rviz_plugin_zed_od/lib/python3.10/site-packages'
[72.451s] Level 1:colcon.colcon_core.environment:checking '/home/epriauto/ros2_ws/camera/zed-camera-wrapper/install/rviz_plugin_zed_od/bin'
[72.451s] INFO:colcon.colcon_core.shell:Creating package script '/home/epriauto/ros2_ws/camera/zed-camera-wrapper/install/rviz_plugin_zed_od/share/rviz_plugin_zed_od/package.ps1'
[72.453s] INFO:colcon.colcon_core.shell:Creating package descriptor '/home/epriauto/ros2_ws/camera/zed-camera-wrapper/install/rviz_plugin_zed_od/share/rviz_plugin_zed_od/package.dsv'
[72.454s] INFO:colcon.colcon_core.shell:Creating package script '/home/epriauto/ros2_ws/camera/zed-camera-wrapper/install/rviz_plugin_zed_od/share/rviz_plugin_zed_od/package.sh'
[72.455s] INFO:colcon.colcon_core.shell:Creating package script '/home/epriauto/ros2_ws/camera/zed-camera-wrapper/install/rviz_plugin_zed_od/share/rviz_plugin_zed_od/package.bash'
[72.456s] INFO:colcon.colcon_core.shell:Creating package script '/home/epriauto/ros2_ws/camera/zed-camera-wrapper/install/rviz_plugin_zed_od/share/rviz_plugin_zed_od/package.zsh'
[72.457s] Level 1:colcon.colcon_core.environment:create_file_with_runtime_dependencies(/home/epriauto/ros2_ws/camera/zed-camera-wrapper/install/rviz_plugin_zed_od/share/colcon-core/packages/rviz_plugin_zed_od)
[73.871s] DEBUG:colcon.colcon_core.event_handler.log_command:Invoked command in '/home/epriauto/ros2_ws/camera/zed-camera-wrapper/build/zed_topic_benchmark' returned '0': AMENT_PREFIX_PATH=/home/epriauto/ros2_ws/camera/zed-camera-wrapper/install/zed_topic_benchmark_component:/home/epriauto/ros2_ws/camera/zed-camera-wrapper/install/zed_topic_benchmark_interfaces:${AMENT_PREFIX_PATH} CMAKE_PREFIX_PATH=/home/epriauto/ros2_ws/camera/zed-camera-wrapper/install/zed_topic_benchmark_component:/home/epriauto/ros2_ws/camera/zed-camera-wrapper/install/zed_topic_benchmark_interfaces:/home/epriauto/ros2_ws/camera/zed-camera-wrapper/install/zed_ros2:/home/epriauto/ros2_ws/camera/zed-camera-wrapper/install/zed_wrapper:/home/epriauto/ros2_ws/camera/zed-camera-wrapper/install/zed_components:/opt/ros/humble LD_LIBRARY_PATH=/home/epriauto/ros2_ws/camera/zed-camera-wrapper/install/zed_topic_benchmark_component/lib:/home/epriauto/ros2_ws/camera/zed-camera-wrapper/install/zed_topic_benchmark_interfaces/lib:${LD_LIBRARY_PATH} PYTHONPATH=/home/epriauto/ros2_ws/camera/zed-camera-wrapper/install/zed_topic_benchmark_interfaces/local/lib/python3.10/dist-packages:${PYTHONPATH} /usr/bin/cmake --build /home/epriauto/ros2_ws/camera/zed-camera-wrapper/build/zed_topic_benchmark -- -j6 -l6
[73.874s] DEBUG:colcon.colcon_core.event_handler.log_command:Invoking command in '/home/epriauto/ros2_ws/camera/zed-camera-wrapper/build/zed_topic_benchmark': AMENT_PREFIX_PATH=/home/epriauto/ros2_ws/camera/zed-camera-wrapper/install/zed_topic_benchmark_component:/home/epriauto/ros2_ws/camera/zed-camera-wrapper/install/zed_topic_benchmark_interfaces:${AMENT_PREFIX_PATH} CMAKE_PREFIX_PATH=/home/epriauto/ros2_ws/camera/zed-camera-wrapper/install/zed_topic_benchmark_component:/home/epriauto/ros2_ws/camera/zed-camera-wrapper/install/zed_topic_benchmark_interfaces:/home/epriauto/ros2_ws/camera/zed-camera-wrapper/install/zed_ros2:/home/epriauto/ros2_ws/camera/zed-camera-wrapper/install/zed_wrapper:/home/epriauto/ros2_ws/camera/zed-camera-wrapper/install/zed_components:/opt/ros/humble LD_LIBRARY_PATH=/home/epriauto/ros2_ws/camera/zed-camera-wrapper/install/zed_topic_benchmark_component/lib:/home/epriauto/ros2_ws/camera/zed-camera-wrapper/install/zed_topic_benchmark_interfaces/lib:${LD_LIBRARY_PATH} PYTHONPATH=/home/epriauto/ros2_ws/camera/zed-camera-wrapper/install/zed_topic_benchmark_interfaces/local/lib/python3.10/dist-packages:${PYTHONPATH} /usr/bin/cmake --install /home/epriauto/ros2_ws/camera/zed-camera-wrapper/build/zed_topic_benchmark
[74.222s] Level 1:colcon.colcon_core.environment:create_environment_scripts_only(zed_topic_benchmark)
[74.222s] Level 1:colcon.colcon_core.environment:checking '/home/epriauto/ros2_ws/camera/zed-camera-wrapper/install/zed_topic_benchmark' for CMake module files
[74.223s] DEBUG:colcon.colcon_core.event_handler.log_command:Invoked command in '/home/epriauto/ros2_ws/camera/zed-camera-wrapper/build/zed_topic_benchmark' returned '0': AMENT_PREFIX_PATH=/home/epriauto/ros2_ws/camera/zed-camera-wrapper/install/zed_topic_benchmark_component:/home/epriauto/ros2_ws/camera/zed-camera-wrapper/install/zed_topic_benchmark_interfaces:${AMENT_PREFIX_PATH} CMAKE_PREFIX_PATH=/home/epriauto/ros2_ws/camera/zed-camera-wrapper/install/zed_topic_benchmark_component:/home/epriauto/ros2_ws/camera/zed-camera-wrapper/install/zed_topic_benchmark_interfaces:/home/epriauto/ros2_ws/camera/zed-camera-wrapper/install/zed_ros2:/home/epriauto/ros2_ws/camera/zed-camera-wrapper/install/zed_wrapper:/home/epriauto/ros2_ws/camera/zed-camera-wrapper/install/zed_components:/opt/ros/humble LD_LIBRARY_PATH=/home/epriauto/ros2_ws/camera/zed-camera-wrapper/install/zed_topic_benchmark_component/lib:/home/epriauto/ros2_ws/camera/zed-camera-wrapper/install/zed_topic_benchmark_interfaces/lib:${LD_LIBRARY_PATH} PYTHONPATH=/home/epriauto/ros2_ws/camera/zed-camera-wrapper/install/zed_topic_benchmark_interfaces/local/lib/python3.10/dist-packages:${PYTHONPATH} /usr/bin/cmake --install /home/epriauto/ros2_ws/camera/zed-camera-wrapper/build/zed_topic_benchmark
[74.224s] Level 1:colcon.colcon_core.environment:checking '/home/epriauto/ros2_ws/camera/zed-camera-wrapper/install/zed_topic_benchmark' for CMake config files
[74.225s] Level 1:colcon.colcon_core.shell:create_environment_hook('zed_topic_benchmark', 'cmake_prefix_path')
[74.225s] INFO:colcon.colcon_core.shell:Creating environment hook '/home/epriauto/ros2_ws/camera/zed-camera-wrapper/install/zed_topic_benchmark/share/zed_topic_benchmark/hook/cmake_prefix_path.ps1'
[74.226s] INFO:colcon.colcon_core.shell:Creating environment descriptor '/home/epriauto/ros2_ws/camera/zed-camera-wrapper/install/zed_topic_benchmark/share/zed_topic_benchmark/hook/cmake_prefix_path.dsv'
[74.227s] INFO:colcon.colcon_core.shell:Creating environment hook '/home/epriauto/ros2_ws/camera/zed-camera-wrapper/install/zed_topic_benchmark/share/zed_topic_benchmark/hook/cmake_prefix_path.sh'
[74.228s] Level 1:colcon.colcon_core.environment:checking '/home/epriauto/ros2_ws/camera/zed-camera-wrapper/install/zed_topic_benchmark/lib'
[74.229s] Level 1:colcon.colcon_core.environment:checking '/home/epriauto/ros2_ws/camera/zed-camera-wrapper/install/zed_topic_benchmark/bin'
[74.229s] Level 1:colcon.colcon_core.environment:checking '/home/epriauto/ros2_ws/camera/zed-camera-wrapper/install/zed_topic_benchmark/lib/pkgconfig/zed_topic_benchmark.pc'
[74.229s] Level 1:colcon.colcon_core.environment:checking '/home/epriauto/ros2_ws/camera/zed-camera-wrapper/install/zed_topic_benchmark/lib/python3.10/site-packages'
[74.230s] Level 1:colcon.colcon_core.environment:checking '/home/epriauto/ros2_ws/camera/zed-camera-wrapper/install/zed_topic_benchmark/bin'
[74.230s] INFO:colcon.colcon_core.shell:Creating package script '/home/epriauto/ros2_ws/camera/zed-camera-wrapper/install/zed_topic_benchmark/share/zed_topic_benchmark/package.ps1'
[74.231s] INFO:colcon.colcon_core.shell:Creating package descriptor '/home/epriauto/ros2_ws/camera/zed-camera-wrapper/install/zed_topic_benchmark/share/zed_topic_benchmark/package.dsv'
[74.232s] INFO:colcon.colcon_core.shell:Creating package script '/home/epriauto/ros2_ws/camera/zed-camera-wrapper/install/zed_topic_benchmark/share/zed_topic_benchmark/package.sh'
[74.232s] INFO:colcon.colcon_core.shell:Creating package script '/home/epriauto/ros2_ws/camera/zed-camera-wrapper/install/zed_topic_benchmark/share/zed_topic_benchmark/package.bash'
[74.233s] INFO:colcon.colcon_core.shell:Creating package script '/home/epriauto/ros2_ws/camera/zed-camera-wrapper/install/zed_topic_benchmark/share/zed_topic_benchmark/package.zsh'
[74.234s] Level 1:colcon.colcon_core.environment:create_file_with_runtime_dependencies(/home/epriauto/ros2_ws/camera/zed-camera-wrapper/install/zed_topic_benchmark/share/colcon-core/packages/zed_topic_benchmark)
[74.235s] Level 1:colcon.colcon_core.environment:create_environment_scripts_only(zed_topic_benchmark)
[74.235s] Level 1:colcon.colcon_core.environment:checking '/home/epriauto/ros2_ws/camera/zed-camera-wrapper/install/zed_topic_benchmark' for CMake module files
[74.236s] Level 1:colcon.colcon_core.environment:checking '/home/epriauto/ros2_ws/camera/zed-camera-wrapper/install/zed_topic_benchmark' for CMake config files
[74.237s] Level 1:colcon.colcon_core.shell:create_environment_hook('zed_topic_benchmark', 'cmake_prefix_path')
[74.237s] INFO:colcon.colcon_core.shell:Creating environment hook '/home/epriauto/ros2_ws/camera/zed-camera-wrapper/install/zed_topic_benchmark/share/zed_topic_benchmark/hook/cmake_prefix_path.ps1'
[74.238s] INFO:colcon.colcon_core.shell:Creating environment descriptor '/home/epriauto/ros2_ws/camera/zed-camera-wrapper/install/zed_topic_benchmark/share/zed_topic_benchmark/hook/cmake_prefix_path.dsv'
[74.239s] INFO:colcon.colcon_core.shell:Creating environment hook '/home/epriauto/ros2_ws/camera/zed-camera-wrapper/install/zed_topic_benchmark/share/zed_topic_benchmark/hook/cmake_prefix_path.sh'
[74.240s] Level 1:colcon.colcon_core.environment:checking '/home/epriauto/ros2_ws/camera/zed-camera-wrapper/install/zed_topic_benchmark/lib'
[74.240s] Level 1:colcon.colcon_core.environment:checking '/home/epriauto/ros2_ws/camera/zed-camera-wrapper/install/zed_topic_benchmark/bin'
[74.240s] Level 1:colcon.colcon_core.environment:checking '/home/epriauto/ros2_ws/camera/zed-camera-wrapper/install/zed_topic_benchmark/lib/pkgconfig/zed_topic_benchmark.pc'
[74.240s] Level 1:colcon.colcon_core.environment:checking '/home/epriauto/ros2_ws/camera/zed-camera-wrapper/install/zed_topic_benchmark/lib/python3.10/site-packages'
[74.241s] Level 1:colcon.colcon_core.environment:checking '/home/epriauto/ros2_ws/camera/zed-camera-wrapper/install/zed_topic_benchmark/bin'
[74.241s] INFO:colcon.colcon_core.shell:Creating package script '/home/epriauto/ros2_ws/camera/zed-camera-wrapper/install/zed_topic_benchmark/share/zed_topic_benchmark/package.ps1'
[74.242s] INFO:colcon.colcon_core.shell:Creating package descriptor '/home/epriauto/ros2_ws/camera/zed-camera-wrapper/install/zed_topic_benchmark/share/zed_topic_benchmark/package.dsv'
[74.243s] INFO:colcon.colcon_core.shell:Creating package script '/home/epriauto/ros2_ws/camera/zed-camera-wrapper/install/zed_topic_benchmark/share/zed_topic_benchmark/package.sh'
[74.245s] INFO:colcon.colcon_core.shell:Creating package script '/home/epriauto/ros2_ws/camera/zed-camera-wrapper/install/zed_topic_benchmark/share/zed_topic_benchmark/package.bash'
[74.246s] INFO:colcon.colcon_core.shell:Creating package script '/home/epriauto/ros2_ws/camera/zed-camera-wrapper/install/zed_topic_benchmark/share/zed_topic_benchmark/package.zsh'
[74.247s] Level 1:colcon.colcon_core.environment:create_file_with_runtime_dependencies(/home/epriauto/ros2_ws/camera/zed-camera-wrapper/install/zed_topic_benchmark/share/colcon-core/packages/zed_topic_benchmark)
[89.139s] DEBUG:colcon.colcon_core.event_handler.log_command:Invoked command in '/home/epriauto/ros2_ws/camera/zed-camera-wrapper/build/zed_rgb_convert' returned '0': CMAKE_PREFIX_PATH=/home/epriauto/ros2_ws/camera/zed-camera-wrapper/install/zed_components:/home/epriauto/ros2_ws/camera/zed-camera-wrapper/install/zed_ros2:/home/epriauto/ros2_ws/camera/zed-camera-wrapper/install/zed_wrapper:/opt/ros/humble /usr/bin/cmake --build /home/epriauto/ros2_ws/camera/zed-camera-wrapper/build/zed_rgb_convert -- -j6 -l6
[89.143s] DEBUG:colcon.colcon_core.event_handler.log_command:Invoking command in '/home/epriauto/ros2_ws/camera/zed-camera-wrapper/build/zed_rgb_convert': CMAKE_PREFIX_PATH=/home/epriauto/ros2_ws/camera/zed-camera-wrapper/install/zed_components:/home/epriauto/ros2_ws/camera/zed-camera-wrapper/install/zed_ros2:/home/epriauto/ros2_ws/camera/zed-camera-wrapper/install/zed_wrapper:/opt/ros/humble /usr/bin/cmake --install /home/epriauto/ros2_ws/camera/zed-camera-wrapper/build/zed_rgb_convert
[89.702s] Level 1:colcon.colcon_core.environment:create_environment_scripts_only(zed_rgb_convert)
[89.703s] Level 1:colcon.colcon_core.environment:checking '/home/epriauto/ros2_ws/camera/zed-camera-wrapper/install/zed_rgb_convert' for CMake module files
[89.705s] DEBUG:colcon.colcon_core.event_handler.log_command:Invoked command in '/home/epriauto/ros2_ws/camera/zed-camera-wrapper/build/zed_rgb_convert' returned '0': CMAKE_PREFIX_PATH=/home/epriauto/ros2_ws/camera/zed-camera-wrapper/install/zed_components:/home/epriauto/ros2_ws/camera/zed-camera-wrapper/install/zed_ros2:/home/epriauto/ros2_ws/camera/zed-camera-wrapper/install/zed_wrapper:/opt/ros/humble /usr/bin/cmake --install /home/epriauto/ros2_ws/camera/zed-camera-wrapper/build/zed_rgb_convert
[89.706s] Level 1:colcon.colcon_core.environment:checking '/home/epriauto/ros2_ws/camera/zed-camera-wrapper/install/zed_rgb_convert' for CMake config files
[89.706s] Level 1:colcon.colcon_core.shell:create_environment_hook('zed_rgb_convert', 'cmake_prefix_path')
[89.707s] INFO:colcon.colcon_core.shell:Creating environment hook '/home/epriauto/ros2_ws/camera/zed-camera-wrapper/install/zed_rgb_convert/share/zed_rgb_convert/hook/cmake_prefix_path.ps1'
[89.709s] INFO:colcon.colcon_core.shell:Creating environment descriptor '/home/epriauto/ros2_ws/camera/zed-camera-wrapper/install/zed_rgb_convert/share/zed_rgb_convert/hook/cmake_prefix_path.dsv'
[89.710s] INFO:colcon.colcon_core.shell:Creating environment hook '/home/epriauto/ros2_ws/camera/zed-camera-wrapper/install/zed_rgb_convert/share/zed_rgb_convert/hook/cmake_prefix_path.sh'
[89.712s] Level 1:colcon.colcon_core.environment:checking '/home/epriauto/ros2_ws/camera/zed-camera-wrapper/install/zed_rgb_convert/lib'
[89.712s] Level 1:colcon.colcon_core.shell:create_environment_hook('zed_rgb_convert', 'ld_library_path_lib')
[89.713s] INFO:colcon.colcon_core.shell:Creating environment hook '/home/epriauto/ros2_ws/camera/zed-camera-wrapper/install/zed_rgb_convert/share/zed_rgb_convert/hook/ld_library_path_lib.ps1'
[89.714s] INFO:colcon.colcon_core.shell:Creating environment descriptor '/home/epriauto/ros2_ws/camera/zed-camera-wrapper/install/zed_rgb_convert/share/zed_rgb_convert/hook/ld_library_path_lib.dsv'
[89.716s] INFO:colcon.colcon_core.shell:Creating environment hook '/home/epriauto/ros2_ws/camera/zed-camera-wrapper/install/zed_rgb_convert/share/zed_rgb_convert/hook/ld_library_path_lib.sh'
[89.717s] Level 1:colcon.colcon_core.environment:checking '/home/epriauto/ros2_ws/camera/zed-camera-wrapper/install/zed_rgb_convert/bin'
[89.717s] Level 1:colcon.colcon_core.environment:checking '/home/epriauto/ros2_ws/camera/zed-camera-wrapper/install/zed_rgb_convert/lib/pkgconfig/zed_rgb_convert.pc'
[89.718s] Level 1:colcon.colcon_core.environment:checking '/home/epriauto/ros2_ws/camera/zed-camera-wrapper/install/zed_rgb_convert/lib/python3.10/site-packages'
[89.719s] Level 1:colcon.colcon_core.environment:checking '/home/epriauto/ros2_ws/camera/zed-camera-wrapper/install/zed_rgb_convert/bin'
[89.720s] INFO:colcon.colcon_core.shell:Creating package script '/home/epriauto/ros2_ws/camera/zed-camera-wrapper/install/zed_rgb_convert/share/zed_rgb_convert/package.ps1'
[89.721s] INFO:colcon.colcon_core.shell:Creating package descriptor '/home/epriauto/ros2_ws/camera/zed-camera-wrapper/install/zed_rgb_convert/share/zed_rgb_convert/package.dsv'
[89.722s] INFO:colcon.colcon_core.shell:Creating package script '/home/epriauto/ros2_ws/camera/zed-camera-wrapper/install/zed_rgb_convert/share/zed_rgb_convert/package.sh'
[89.723s] INFO:colcon.colcon_core.shell:Creating package script '/home/epriauto/ros2_ws/camera/zed-camera-wrapper/install/zed_rgb_convert/share/zed_rgb_convert/package.bash'
[89.725s] INFO:colcon.colcon_core.shell:Creating package script '/home/epriauto/ros2_ws/camera/zed-camera-wrapper/install/zed_rgb_convert/share/zed_rgb_convert/package.zsh'
[89.726s] Level 1:colcon.colcon_core.environment:create_file_with_runtime_dependencies(/home/epriauto/ros2_ws/camera/zed-camera-wrapper/install/zed_rgb_convert/share/colcon-core/packages/zed_rgb_convert)
[89.728s] Level 1:colcon.colcon_core.environment:create_environment_scripts_only(zed_rgb_convert)
[89.729s] Level 1:colcon.colcon_core.environment:checking '/home/epriauto/ros2_ws/camera/zed-camera-wrapper/install/zed_rgb_convert' for CMake module files
[89.731s] Level 1:colcon.colcon_core.environment:checking '/home/epriauto/ros2_ws/camera/zed-camera-wrapper/install/zed_rgb_convert' for CMake config files
[89.732s] Level 1:colcon.colcon_core.shell:create_environment_hook('zed_rgb_convert', 'cmake_prefix_path')
[89.733s] INFO:colcon.colcon_core.shell:Creating environment hook '/home/epriauto/ros2_ws/camera/zed-camera-wrapper/install/zed_rgb_convert/share/zed_rgb_convert/hook/cmake_prefix_path.ps1'
[89.735s] INFO:colcon.colcon_core.shell:Creating environment descriptor '/home/epriauto/ros2_ws/camera/zed-camera-wrapper/install/zed_rgb_convert/share/zed_rgb_convert/hook/cmake_prefix_path.dsv'
[89.736s] INFO:colcon.colcon_core.shell:Creating environment hook '/home/epriauto/ros2_ws/camera/zed-camera-wrapper/install/zed_rgb_convert/share/zed_rgb_convert/hook/cmake_prefix_path.sh'
[89.738s] Level 1:colcon.colcon_core.environment:checking '/home/epriauto/ros2_ws/camera/zed-camera-wrapper/install/zed_rgb_convert/lib'
[89.738s] Level 1:colcon.colcon_core.shell:create_environment_hook('zed_rgb_convert', 'ld_library_path_lib')
[89.739s] INFO:colcon.colcon_core.shell:Creating environment hook '/home/epriauto/ros2_ws/camera/zed-camera-wrapper/install/zed_rgb_convert/share/zed_rgb_convert/hook/ld_library_path_lib.ps1'
[89.740s] INFO:colcon.colcon_core.shell:Creating environment descriptor '/home/epriauto/ros2_ws/camera/zed-camera-wrapper/install/zed_rgb_convert/share/zed_rgb_convert/hook/ld_library_path_lib.dsv'
[89.742s] INFO:colcon.colcon_core.shell:Creating environment hook '/home/epriauto/ros2_ws/camera/zed-camera-wrapper/install/zed_rgb_convert/share/zed_rgb_convert/hook/ld_library_path_lib.sh'
[89.743s] Level 1:colcon.colcon_core.environment:checking '/home/epriauto/ros2_ws/camera/zed-camera-wrapper/install/zed_rgb_convert/bin'
[89.743s] Level 1:colcon.colcon_core.environment:checking '/home/epriauto/ros2_ws/camera/zed-camera-wrapper/install/zed_rgb_convert/lib/pkgconfig/zed_rgb_convert.pc'
[89.744s] Level 1:colcon.colcon_core.environment:checking '/home/epriauto/ros2_ws/camera/zed-camera-wrapper/install/zed_rgb_convert/lib/python3.10/site-packages'
[89.745s] Level 1:colcon.colcon_core.environment:checking '/home/epriauto/ros2_ws/camera/zed-camera-wrapper/install/zed_rgb_convert/bin'
[89.746s] INFO:colcon.colcon_core.shell:Creating package script '/home/epriauto/ros2_ws/camera/zed-camera-wrapper/install/zed_rgb_convert/share/zed_rgb_convert/package.ps1'
[89.748s] INFO:colcon.colcon_core.shell:Creating package descriptor '/home/epriauto/ros2_ws/camera/zed-camera-wrapper/install/zed_rgb_convert/share/zed_rgb_convert/package.dsv'
[89.750s] INFO:colcon.colcon_core.shell:Creating package script '/home/epriauto/ros2_ws/camera/zed-camera-wrapper/install/zed_rgb_convert/share/zed_rgb_convert/package.sh'
[89.751s] INFO:colcon.colcon_core.shell:Creating package script '/home/epriauto/ros2_ws/camera/zed-camera-wrapper/install/zed_rgb_convert/share/zed_rgb_convert/package.bash'
[89.752s] INFO:colcon.colcon_core.shell:Creating package script '/home/epriauto/ros2_ws/camera/zed-camera-wrapper/install/zed_rgb_convert/share/zed_rgb_convert/package.zsh'
[89.754s] Level 1:colcon.colcon_core.environment:create_file_with_runtime_dependencies(/home/epriauto/ros2_ws/camera/zed-camera-wrapper/install/zed_rgb_convert/share/colcon-core/packages/zed_rgb_convert)
[92.699s] DEBUG:colcon.colcon_core.event_handler.log_command:Invoked command in '/home/epriauto/ros2_ws/camera/zed-camera-wrapper/build/zed_ipc' returned '0': AMENT_PREFIX_PATH=/home/epriauto/ros2_ws/camera/zed-camera-wrapper/install/zed_multi_camera:${AMENT_PREFIX_PATH} CMAKE_PREFIX_PATH=/home/epriauto/ros2_ws/camera/zed-camera-wrapper/install/zed_multi_camera:/home/epriauto/ros2_ws/camera/zed-camera-wrapper/install/zed_wrapper:/home/epriauto/ros2_ws/camera/zed-camera-wrapper/install/zed_components:/home/epriauto/ros2_ws/camera/zed-camera-wrapper/install/zed_ros2:/opt/ros/humble /usr/bin/cmake --build /home/epriauto/ros2_ws/camera/zed-camera-wrapper/build/zed_ipc -- -j6 -l6
[92.703s] DEBUG:colcon.colcon_core.event_handler.log_command:Invoking command in '/home/epriauto/ros2_ws/camera/zed-camera-wrapper/build/zed_ipc': AMENT_PREFIX_PATH=/home/epriauto/ros2_ws/camera/zed-camera-wrapper/install/zed_multi_camera:${AMENT_PREFIX_PATH} CMAKE_PREFIX_PATH=/home/epriauto/ros2_ws/camera/zed-camera-wrapper/install/zed_multi_camera:/home/epriauto/ros2_ws/camera/zed-camera-wrapper/install/zed_wrapper:/home/epriauto/ros2_ws/camera/zed-camera-wrapper/install/zed_components:/home/epriauto/ros2_ws/camera/zed-camera-wrapper/install/zed_ros2:/opt/ros/humble /usr/bin/cmake --install /home/epriauto/ros2_ws/camera/zed-camera-wrapper/build/zed_ipc
[93.244s] Level 1:colcon.colcon_core.environment:create_environment_scripts_only(zed_ipc)
[93.246s] Level 1:colcon.colcon_core.environment:checking '/home/epriauto/ros2_ws/camera/zed-camera-wrapper/install/zed_ipc' for CMake module files
[93.247s] DEBUG:colcon.colcon_core.event_handler.log_command:Invoked command in '/home/epriauto/ros2_ws/camera/zed-camera-wrapper/build/zed_ipc' returned '0': AMENT_PREFIX_PATH=/home/epriauto/ros2_ws/camera/zed-camera-wrapper/install/zed_multi_camera:${AMENT_PREFIX_PATH} CMAKE_PREFIX_PATH=/home/epriauto/ros2_ws/camera/zed-camera-wrapper/install/zed_multi_camera:/home/epriauto/ros2_ws/camera/zed-camera-wrapper/install/zed_wrapper:/home/epriauto/ros2_ws/camera/zed-camera-wrapper/install/zed_components:/home/epriauto/ros2_ws/camera/zed-camera-wrapper/install/zed_ros2:/opt/ros/humble /usr/bin/cmake --install /home/epriauto/ros2_ws/camera/zed-camera-wrapper/build/zed_ipc
[93.249s] Level 1:colcon.colcon_core.environment:checking '/home/epriauto/ros2_ws/camera/zed-camera-wrapper/install/zed_ipc' for CMake config files
[93.250s] Level 1:colcon.colcon_core.shell:create_environment_hook('zed_ipc', 'cmake_prefix_path')
[93.250s] INFO:colcon.colcon_core.shell:Creating environment hook '/home/epriauto/ros2_ws/camera/zed-camera-wrapper/install/zed_ipc/share/zed_ipc/hook/cmake_prefix_path.ps1'
[93.252s] INFO:colcon.colcon_core.shell:Creating environment descriptor '/home/epriauto/ros2_ws/camera/zed-camera-wrapper/install/zed_ipc/share/zed_ipc/hook/cmake_prefix_path.dsv'
[93.254s] INFO:colcon.colcon_core.shell:Creating environment hook '/home/epriauto/ros2_ws/camera/zed-camera-wrapper/install/zed_ipc/share/zed_ipc/hook/cmake_prefix_path.sh'
[93.256s] Level 1:colcon.colcon_core.environment:checking '/home/epriauto/ros2_ws/camera/zed-camera-wrapper/install/zed_ipc/lib'
[93.256s] Level 1:colcon.colcon_core.shell:create_environment_hook('zed_ipc', 'ld_library_path_lib')
[93.257s] INFO:colcon.colcon_core.shell:Creating environment hook '/home/epriauto/ros2_ws/camera/zed-camera-wrapper/install/zed_ipc/share/zed_ipc/hook/ld_library_path_lib.ps1'
[93.258s] INFO:colcon.colcon_core.shell:Creating environment descriptor '/home/epriauto/ros2_ws/camera/zed-camera-wrapper/install/zed_ipc/share/zed_ipc/hook/ld_library_path_lib.dsv'
[93.259s] INFO:colcon.colcon_core.shell:Creating environment hook '/home/epriauto/ros2_ws/camera/zed-camera-wrapper/install/zed_ipc/share/zed_ipc/hook/ld_library_path_lib.sh'
[93.261s] Level 1:colcon.colcon_core.environment:checking '/home/epriauto/ros2_ws/camera/zed-camera-wrapper/install/zed_ipc/bin'
[93.261s] Level 1:colcon.colcon_core.environment:checking '/home/epriauto/ros2_ws/camera/zed-camera-wrapper/install/zed_ipc/lib/pkgconfig/zed_ipc.pc'
[93.262s] Level 1:colcon.colcon_core.environment:checking '/home/epriauto/ros2_ws/camera/zed-camera-wrapper/install/zed_ipc/lib/python3.10/site-packages'
[93.263s] Level 1:colcon.colcon_core.environment:checking '/home/epriauto/ros2_ws/camera/zed-camera-wrapper/install/zed_ipc/bin'
[93.264s] INFO:colcon.colcon_core.shell:Creating package script '/home/epriauto/ros2_ws/camera/zed-camera-wrapper/install/zed_ipc/share/zed_ipc/package.ps1'
[93.266s] INFO:colcon.colcon_core.shell:Creating package descriptor '/home/epriauto/ros2_ws/camera/zed-camera-wrapper/install/zed_ipc/share/zed_ipc/package.dsv'
[93.267s] INFO:colcon.colcon_core.shell:Creating package script '/home/epriauto/ros2_ws/camera/zed-camera-wrapper/install/zed_ipc/share/zed_ipc/package.sh'
[93.269s] INFO:colcon.colcon_core.shell:Creating package script '/home/epriauto/ros2_ws/camera/zed-camera-wrapper/install/zed_ipc/share/zed_ipc/package.bash'
[93.270s] INFO:colcon.colcon_core.shell:Creating package script '/home/epriauto/ros2_ws/camera/zed-camera-wrapper/install/zed_ipc/share/zed_ipc/package.zsh'
[93.271s] Level 1:colcon.colcon_core.environment:create_file_with_runtime_dependencies(/home/epriauto/ros2_ws/camera/zed-camera-wrapper/install/zed_ipc/share/colcon-core/packages/zed_ipc)
[93.274s] Level 1:colcon.colcon_core.environment:create_environment_scripts_only(zed_ipc)
[93.275s] Level 1:colcon.colcon_core.environment:checking '/home/epriauto/ros2_ws/camera/zed-camera-wrapper/install/zed_ipc' for CMake module files
[93.276s] Level 1:colcon.colcon_core.environment:checking '/home/epriauto/ros2_ws/camera/zed-camera-wrapper/install/zed_ipc' for CMake config files
[93.277s] Level 1:colcon.colcon_core.shell:create_environment_hook('zed_ipc', 'cmake_prefix_path')
[93.278s] INFO:colcon.colcon_core.shell:Creating environment hook '/home/epriauto/ros2_ws/camera/zed-camera-wrapper/install/zed_ipc/share/zed_ipc/hook/cmake_prefix_path.ps1'
[93.280s] INFO:colcon.colcon_core.shell:Creating environment descriptor '/home/epriauto/ros2_ws/camera/zed-camera-wrapper/install/zed_ipc/share/zed_ipc/hook/cmake_prefix_path.dsv'
[93.281s] INFO:colcon.colcon_core.shell:Creating environment hook '/home/epriauto/ros2_ws/camera/zed-camera-wrapper/install/zed_ipc/share/zed_ipc/hook/cmake_prefix_path.sh'
[93.284s] Level 1:colcon.colcon_core.environment:checking '/home/epriauto/ros2_ws/camera/zed-camera-wrapper/install/zed_ipc/lib'
[93.284s] Level 1:colcon.colcon_core.shell:create_environment_hook('zed_ipc', 'ld_library_path_lib')
[93.285s] INFO:colcon.colcon_core.shell:Creating environment hook '/home/epriauto/ros2_ws/camera/zed-camera-wrapper/install/zed_ipc/share/zed_ipc/hook/ld_library_path_lib.ps1'
[93.286s] INFO:colcon.colcon_core.shell:Creating environment descriptor '/home/epriauto/ros2_ws/camera/zed-camera-wrapper/install/zed_ipc/share/zed_ipc/hook/ld_library_path_lib.dsv'
[93.287s] INFO:colcon.colcon_core.shell:Creating environment hook '/home/epriauto/ros2_ws/camera/zed-camera-wrapper/install/zed_ipc/share/zed_ipc/hook/ld_library_path_lib.sh'
[93.289s] Level 1:colcon.colcon_core.environment:checking '/home/epriauto/ros2_ws/camera/zed-camera-wrapper/install/zed_ipc/bin'
[93.289s] Level 1:colcon.colcon_core.environment:checking '/home/epriauto/ros2_ws/camera/zed-camera-wrapper/install/zed_ipc/lib/pkgconfig/zed_ipc.pc'
[93.290s] Level 1:colcon.colcon_core.environment:checking '/home/epriauto/ros2_ws/camera/zed-camera-wrapper/install/zed_ipc/lib/python3.10/site-packages'
[93.291s] Level 1:colcon.colcon_core.environment:checking '/home/epriauto/ros2_ws/camera/zed-camera-wrapper/install/zed_ipc/bin'
[93.292s] INFO:colcon.colcon_core.shell:Creating package script '/home/epriauto/ros2_ws/camera/zed-camera-wrapper/install/zed_ipc/share/zed_ipc/package.ps1'
[93.294s] INFO:colcon.colcon_core.shell:Creating package descriptor '/home/epriauto/ros2_ws/camera/zed-camera-wrapper/install/zed_ipc/share/zed_ipc/package.dsv'
[93.296s] INFO:colcon.colcon_core.shell:Creating package script '/home/epriauto/ros2_ws/camera/zed-camera-wrapper/install/zed_ipc/share/zed_ipc/package.sh'
[93.298s] INFO:colcon.colcon_core.shell:Creating package script '/home/epriauto/ros2_ws/camera/zed-camera-wrapper/install/zed_ipc/share/zed_ipc/package.bash'
[93.299s] INFO:colcon.colcon_core.shell:Creating package script '/home/epriauto/ros2_ws/camera/zed-camera-wrapper/install/zed_ipc/share/zed_ipc/package.zsh'
[93.301s] Level 1:colcon.colcon_core.environment:create_file_with_runtime_dependencies(/home/epriauto/ros2_ws/camera/zed-camera-wrapper/install/zed_ipc/share/colcon-core/packages/zed_ipc)
[93.302s] DEBUG:colcon.colcon_parallel_executor.executor.parallel:closing loop
[93.304s] DEBUG:colcon.colcon_parallel_executor.executor.parallel:loop closed
[93.304s] DEBUG:colcon.colcon_parallel_executor.executor.parallel:run_until_complete finished with '0'
[93.305s] DEBUG:colcon.colcon_core.event_reactor:joining thread
[93.339s] INFO:colcon.colcon_core.plugin_system:Skipping extension 'colcon_notification.desktop_notification.terminal_notifier': Not used on non-Darwin systems
[93.339s] INFO:colcon.colcon_core.plugin_system:Skipping extension 'colcon_notification.desktop_notification.win32': Not used on non-Windows systems
[93.339s] INFO:colcon.colcon_notification.desktop_notification:Sending desktop notification using 'notify2'
[93.415s] DEBUG:colcon.colcon_core.event_reactor:joined thread
[93.416s] INFO:colcon.colcon_core.shell:Creating prefix script '/home/epriauto/ros2_ws/camera/zed-camera-wrapper/install/local_setup.ps1'
[93.420s] INFO:colcon.colcon_core.shell:Creating prefix util module '/home/epriauto/ros2_ws/camera/zed-camera-wrapper/install/_local_setup_util_ps1.py'
[93.424s] INFO:colcon.colcon_core.shell:Creating prefix chain script '/home/epriauto/ros2_ws/camera/zed-camera-wrapper/install/setup.ps1'
[93.427s] INFO:colcon.colcon_core.shell:Creating prefix script '/home/epriauto/ros2_ws/camera/zed-camera-wrapper/install/local_setup.sh'
[93.429s] INFO:colcon.colcon_core.shell:Creating prefix util module '/home/epriauto/ros2_ws/camera/zed-camera-wrapper/install/_local_setup_util_sh.py'
[93.430s] INFO:colcon.colcon_core.shell:Creating prefix chain script '/home/epriauto/ros2_ws/camera/zed-camera-wrapper/install/setup.sh'
[93.433s] INFO:colcon.colcon_core.shell:Creating prefix script '/home/epriauto/ros2_ws/camera/zed-camera-wrapper/install/local_setup.bash'
[93.435s] INFO:colcon.colcon_core.shell:Creating prefix chain script '/home/epriauto/ros2_ws/camera/zed-camera-wrapper/install/setup.bash'
[93.438s] INFO:colcon.colcon_core.shell:Creating prefix script '/home/epriauto/ros2_ws/camera/zed-camera-wrapper/install/local_setup.zsh'
[93.440s] INFO:colcon.colcon_core.shell:Creating prefix chain script '/home/epriauto/ros2_ws/camera/zed-camera-wrapper/install/setup.zsh'
